text,timestamp,source,url,ticker,company_names
VIDEO: â€œI was in my office. I was minding my own business...â€ â€“David Solomon tells $GS interns how he learned he waâ€¦ https://t.co/QClAITywXV,Wed Jul 18 21:33:26 +0000 2018,GoldmanSachs,https://twitter.com/i/web/status/1019696670777503745,,
The price of lumber $LB_F is down 22% since hitting its YTD highs. The Macy's $M turnaround is still happening.â€¦ https://t.co/XnKsV4De39,Wed Jul 18 22:22:47 +0000 2018,StockTwits,https://twitter.com/i/web/status/1019709091038547968,,
Barry Silbert is extremely optimistic on bitcoin -- but predicts that 99% of new crypto entrants are â€œgoing to zeroâ€¦ https://t.co/mGMVo2cZgY,Wed Jul 18 22:52:52 +0000 2018,MarketWatch,https://twitter.com/i/web/status/1019716662587740160,,
Donâ€™t miss my convo with one of my favorite thinkers @SamHarrisOrg! https://t.co/uuPVxIobCh,Wed Jul 18 23:06:58 +0000 2018,ianbremmer,https://twitter.com/samharrisorg/status/1019719376348434433,,
Roger Federer's Uniqlo deal makes him one of the few athletes to earn more than $70M from endorsementsâ€¦ https://t.co/jQ8sOAyeBQ,Wed Jul 18 23:21:00 +0000 2018,Forbes,https://twitter.com/i/web/status/1019723744804245504,,
Customers urge boycott of MGM Resorts after the casino files lawsuits against mass shooting victimsâ€¦ https://t.co/dAhk87dPmA,Wed Jul 18 23:26:33 +0000 2018,business,https://twitter.com/i/web/status/1019725139905216512,,
"Trump tells CBS he's ""always wanted"" to be interviewed by Special Counsel Mueller but deflected questions on whetheâ€¦ https://t.co/at43BIGpDh",Thu Jul 19 00:04:22 +0000 2018,business,https://twitter.com/i/web/status/1019734658127400961,,
New time: Janet Yellen and I in conversation at Brookings on Feb. 27 at 2 PM EST. Join us online or on Facebook Livâ€¦ https://t.co/hDg7X5Rc5P,Fri Feb 23 18:50:19 +0000 2018,benbernanke,https://twitter.com/i/web/status/967109381098758144,,
INSIDE WK SCAN $AKAM $AMAT $AXP $BA $BLUE $BOX $BZUN $C $CAT $CMCSA $CSCO $DBX $DIS $DE $DOCU $DLTR $EBAY $FDXâ€¦ https://t.co/c1lAquqUfU,Mon Jul 09 01:46:42 +0000 2018,dgarciacharts,https://twitter.com/i/web/status/1016136529746382849,,
Buying in options land on Friday 7/6!  $QSR $IGT $SKX $VOYA $FCX $NVO $PXD $VIPS $VVV $SGMS $PII $ETFC $BLL $GPROâ€¦ https://t.co/zcyw6K1VTv,Mon Jul 09 02:44:19 +0000 2018,smartmoneyact,https://twitter.com/i/web/status/1016151031510716416,,
Weekly Recap: $HSY price moved 4.28% since post - next stop 98.50. Other trades included AA SPY BABA MDSO AYI FB SHâ€¦ https://t.co/uGd8Esohx8,Mon Jul 09 02:54:31 +0000 2018,aboutheoptions,https://twitter.com/i/web/status/1016153595522281472,,
Mondayâ€™s Watch1 $AMZN $GOOGL $FB $AAPL $AMD $BIDU $BABA $BTC.X $ETH.X $BIIB $CELG $GILD $INTC $JD $ARQL $ARRY $ARWRâ€¦ https://t.co/Ku6wqg8ECi,Mon Jul 09 03:28:01 +0000 2018,mchaudhry82,https://twitter.com/i/web/status/1016162026408828928,,
REVERSE MERGER TWEET $qqq $aapl $tvix $veon $csco $siri $rook $mu $msft $fb $sqqq $intc $cmcsa $amat $nvda $sgmoâ€¦ https://t.co/evp23dqMFp,Mon Jul 09 05:08:32 +0000 2018,OneOClockDrop,https://twitter.com/i/web/status/1016187324680376321,,
Swing Trading - Watchlist this week - Chart CandleGlance   $IPGP $VRNS $ANET $MDB $TIF $OLLI $EXPD $EA $KMG $HDâ€¦ https://t.co/YNU9j6qS1j,Mon Jul 09 05:08:38 +0000 2018,amoghp88,https://twitter.com/i/web/status/1016187350890606592,,
REVERSE MERGER TWEET $PTEN $NWL $TJX $EPD $TBT $NE $TAL $SPXS $MXIM $WELL $MMM $SRC $CSX $KBR $MHK $ODP $MHK $SRCâ€¦ https://t.co/Pf7doc6AWB,Mon Jul 09 05:10:52 +0000 2018,OneOClockDrop,https://twitter.com/i/web/status/1016187912180776960,,
"RT SeekingAlpha ""$BWP $NS $SMLP $MMP $BPL $BKEP $CEQP $NSH $PAGP $OKE $SEMG $TGE $ENB $IPPLF $PPL $KEY $BIP $TOOâ€¦ https://t.co/lNIawBTBLF",Mon Jul 09 07:00:43 +0000 2018,CNBCTradersFan,https://twitter.com/i/web/status/1016215554338840577,,
"RT SeekingAlpha ""$AAN $AAPL $ABBV $ADM $AFL $ALLE $AM $AMGP $AMP $AMT $ANDX $AON $AOS $APD $APOG $AQN $AVGO $AYâ€¦ https://t.co/qQHyDckKJR",Mon Jul 09 07:00:49 +0000 2018,CNBCTradersFan,https://twitter.com/i/web/status/1016215579886223361,,
$AON @ApolloMinerals provide yet more compelling evidence that Salau is one of the highest quality #Tungsten #Minesâ€¦ https://t.co/VTbZPyMT3p,Mon Jul 09 07:31:41 +0000 2018,Alan__Green,https://twitter.com/i/web/status/1016223348278333441,,
Critical Survey: Nelnet $NNI vs. SLM $SLM https://t.co/SPbSRElqCr,Mon Jul 09 07:42:36 +0000 2018,TheMarketsDaily,http://zpr.io/6TR99,,
Laboratory Corp. of America $LH versus InVitae $NVTA Critical Contrast https://t.co/6KkkoDsQwA,Mon Jul 09 07:53:30 +0000 2018,ThisLincolnian,http://thelincolnianonline.com/?p=2171751,,
Comparing C.H. Robinson Worldwide $CHRW &amp; Expeditors International of Washington $EXPD https://t.co/XULl9cysKe,Mon Jul 09 07:56:31 +0000 2018,ledgerzette,http://ledgergazette.com/?p=2814592,,
Wells Fargo &amp; Co Analysts Give SLM $SLM a $14.00 Price Target https://t.co/BQdU2FCXKO,Mon Jul 09 07:57:31 +0000 2018,dispatchtribune,http://dispatchtribunal.com/?p=2042082,,
SLM $SLM PT Set at $14.00 by Wells Fargo &amp; Co https://t.co/jwXmquwYCk,Mon Jul 09 07:58:36 +0000 2018,OlympiaReport,http://theolympiareport.com/?p=912567,,
Stericycle $SRCL Stock Rating Upgraded by Zacks Investment Research https://t.co/LMJvT2eQUT,Mon Jul 09 07:59:19 +0000 2018,dailypoliticaln,http://www.dailypolitical.com/?p=2190154,,
Stericycle $SRCL Lifted to â€œBuyâ€ at Zacks Investment Research https://t.co/DVT9pzN5pT,Mon Jul 09 07:59:22 +0000 2018,TickerReport,http://tickerreport.com/?p=3623821,,
Btw Estimated #Earnings Per Share for $IP is $1.14 it's 2.18% of the current price https://t.co/uUIF7IZDOj,Mon Jul 09 08:03:03 +0000 2018,1MinuteStock,https://unicornbay.com/t/IP.US?utm_medium=tweet&utm_campaign=eps&utm_source=twitter,,
Mettler-Toledo International $MTD &amp; Quanterix $QTRX Head-To-Head Analysis https://t.co/jVGZA2xIwN,Mon Jul 09 08:15:03 +0000 2018,TickerReport,http://tickerreport.com/?p=3623860,,
Head-To-Head Comparison: Quanterix $QTRX vs. Mettler-Toledo International $MTD https://t.co/CfcywwJb6D,Mon Jul 09 08:18:33 +0000 2018,WatchlistN,http://zpr.io/6TRJb,,
Nuance Communications $NUAN Upgraded by ValuEngine to â€œSellâ€ https://t.co/jP1NX6fVJD,Mon Jul 09 08:23:24 +0000 2018,TickerReport,http://tickerreport.com/?p=3623882,,
Nuance Communications $NUAN Upgraded by ValuEngine to â€œSellâ€ https://t.co/sPRk52ldS5,Mon Jul 09 08:23:43 +0000 2018,WatchlistN,http://zpr.io/6TReA,,
Array Biopharma Inc $ARRY Director Sells $872500.00 in Stock https://t.co/nwAw3wZaSX,Mon Jul 09 08:29:12 +0000 2018,ConsumerFeed,http://zpr.io/6TR4M,,
"$AON Apollo Minerals confirms ""excellent"" infrastructure and ground conditions at Salau mineâ€¦ https://t.co/owrrw0GzlT",Mon Jul 09 08:34:00 +0000 2018,proactive_au,https://twitter.com/i/web/status/1016239030856450049,,
Akamai Technologies Inc. $AKAM Director Naomi O. Seligman Sells 7855 Shares https://t.co/95dldk2tTe,Mon Jul 09 08:34:12 +0000 2018,dakotafinancial,http://dakotafinancialnews.com/?p=306196,,
Scan results - Crossed Above 50 DMA today: $CLF $PPE $DDR $IGO $MFG $ILU $GVF $CDM ... https://t.co/XQCZ88vDSw,Mon Jul 09 08:37:02 +0000 2018,SwingTradeAsx,https://asx.swingtradebot.com/events/1/equities?selected_date=2018-07-09,,
Scan results - MACD Bullish Signal Line Cross today: $FGX $NWL $DDR $SBM $ARG $ILU $ABC $SHL ... https://t.co/gsrGvfA4U8,Mon Jul 09 08:42:05 +0000 2018,SwingTradeAsx,https://asx.swingtradebot.com/events/64/equities?selected_date=2018-07-09,,
Turquoise Hill Resources $TRQ Cut to Sell at ValuEngine https://t.co/2HmNldsnWM,Mon Jul 09 08:44:09 +0000 2018,dakotafinancial,http://dakotafinancialnews.com/?p=306238,,
Royal Bank of Canada Increases ONEOK $OKE Price Target to $79.00 https://t.co/5z4Gxk1o8a,Mon Jul 09 08:53:25 +0000 2018,ZolmaxNews,http://zolmax.com/?p=2370378,,
ONEOK $OKE Price Target Raised to $79.00 https://t.co/gqbDIPZsa2,Mon Jul 09 08:53:52 +0000 2018,ConsumerFeed,http://zpr.io/6Tfgr,,
Akamai Technologies Inc. $AKAM SVP Sells $333000.00 in Stock https://t.co/KLT0xZe3gg,Mon Jul 09 08:54:02 +0000 2018,TheMarketsDaily,http://zpr.io/6TfgL,,
Citigroup Begins Coverage on Dollar Tree $DLTR https://t.co/Jb6qhrHIcU,Mon Jul 09 09:03:24 +0000 2018,ZolmaxNews,http://zolmax.com/?p=2370426,,
Brokerages Anticipate Gentex Co. $GNTX Will Post Quarterly Sales of $473.58 Million https://t.co/CRIj2RwS8A,Mon Jul 09 09:08:41 +0000 2018,ThisLincolnian,http://thelincolnianonline.com/?p=2172011,,
Dollar Tree $DLTR Downgraded by BidaskClub https://t.co/P1TVo2rwEK,Mon Jul 09 09:08:44 +0000 2018,ThisLincolnian,http://thelincolnianonline.com/?p=2172001,,
Contrasting Scorpio Tankers $STNG and Diana Containerships $DCIX https://t.co/GUdmV5VKBz,Mon Jul 09 09:10:18 +0000 2018,ledgerzette,http://ledgergazette.com/?p=2814861,,
Wondering about risks of $FBHS? The 21-day volatility is 5.5% https://t.co/t5fmff9ev2,Mon Jul 09 09:16:03 +0000 2018,1MinuteStock,https://unicornbay.com/t/FBHS.US?utm_medium=tweet&utm_campaign=volatility&utm_source=twitter,,
Do you know that #Book Value for $FBHS is $16.15 https://t.co/D1VhD7xp0n,Mon Jul 09 09:18:03 +0000 2018,1MinuteStock,https://unicornbay.com/t/FBHS.US?utm_medium=tweet&utm_campaign=bookvalue&utm_source=twitter,,
MT @stevecommedia - @FluorCorp ( $FLR ) team selected for Canadian-US Gordie Howe Bridge project @businesswireâ€¦ https://t.co/JISyby7KM2,Mon Jul 09 09:25:26 +0000 2018,Boutonski,https://twitter.com/i/web/status/1016251974487027712,,
Zacks Investment Research Upgrades Zimmer Biomet $ZBH to Hold https://t.co/1GiO1sz5Ik,Mon Jul 09 09:29:56 +0000 2018,TheMarketsDaily,http://zpr.io/6TfXj,,
Iron Mountain Inc $IRM Director Sells $61686.75 in Stock https://t.co/kOFBEam1KX,Mon Jul 09 09:34:09 +0000 2018,dakotafinancial,http://dakotafinancialnews.com/?p=306461,,
Short sale vol (not short interest) for $ODP on 2018-07-06 is 46%. https://t.co/0MIirq6OWB $KEY 61% $BRZU 51% $XLY 54% $AMC 45%,Mon Jul 09 09:36:01 +0000 2018,shortvolumes,http://shortvolumes.com/?t=ODP,,
Critical Survey: WP Carey $WPC vs. Boston Properties $BXP https://t.co/jNQS7ILQIv,Mon Jul 09 09:37:21 +0000 2018,OlympiaReport,http://theolympiareport.com/?p=912941,,
Novavax $NVAX and Editas Medicine $EDIT Head-To-Head Contrast https://t.co/CiD4WMpNdJ,Mon Jul 09 09:42:18 +0000 2018,OlympiaReport,http://theolympiareport.com/?p=912976,,
Reviewing Editas Medicine $EDIT &amp; Novavax $NVAX https://t.co/tfnw8fwtbl,Mon Jul 09 09:43:24 +0000 2018,WeekHerald,http://weekherald.com/?p=2978806,,
Analysts Set Mid-America Apartment Communities Inc $MAA Target Price at $102.60 https://t.co/IQNKrI4LW9,Mon Jul 09 09:44:55 +0000 2018,dakotafinancial,http://dakotafinancialnews.com/?p=306503,,
Arthur J. Gallagher acquires Milne Alexander https://t.co/C5XzAOAHqB $AJG,Mon Jul 09 09:46:41 +0000 2018,MarketCurrents,https://seekingalpha.com/news/3368482-arthur-j-gallagher-acquires-milne-alexander?source=feed_f,,
We calculated 63-day Expected Return of $FBHS for you: -6.2% https://t.co/yDfHRBQNJ5,Mon Jul 09 09:59:03 +0000 2018,1MinuteStock,https://unicornbay.com/t/FBHS.US?utm_medium=tweet&utm_campaign=expreturn&utm_source=twitter,,
$KIM Max Pain is 17.50 for maturity 07/20/2018. #maxpain #options https://t.co/ROCFynyk6W https://t.co/m7NF8Qt9ad,Mon Jul 09 10:06:53 +0000 2018,optioncharts,http://maximum-pain.com/options/max-pain/KIM,,
$215.20 Million in Sales Expected for Hibbett Sports Inc. $HIBB This Quarter https://t.co/Ngk1BPcMDW,Mon Jul 09 10:07:47 +0000 2018,MareaInformativ,http://www.mareainformativa.com/?p=408213,,
$3.98 Billion in Sales Expected for Jacobs Engineering Group Inc $JEC This Quarter https://t.co/Du0dSj9Zbh,Mon Jul 09 10:07:51 +0000 2018,MareaInformativ,http://www.mareainformativa.com/?p=408205,,
Novavax Inc. $NVAX Stock Live Analysis 04-21-2017 #investing https://t.co/UVwdgYIYay,Mon Jul 09 10:08:50 +0000 2018,GerryRichards78,http://dlvr.it/QZxbP1,,
SLM Corp $SLM Expected to Announce Earnings of $0.23 Per Share https://t.co/Zm0Ut4pCyZ,Mon Jul 09 10:12:27 +0000 2018,MareaInformativ,http://www.mareainformativa.com/?p=408345,,
Everest Re Group $RE and Heritage Insurance $HRTG Critical Contrast https://t.co/Kl8l0QbR8I,Mon Jul 09 10:16:23 +0000 2018,MareaInformativ,http://www.mareainformativa.com/?p=408514,,
Insider Selling: IHS Markit $INFO Director Sells 2000000 Shares of Stock  https://t.co/g6IRJ2iWRg,Mon Jul 09 10:18:22 +0000 2018,EnterpriseLeade,http://theenterpriseleader.com/?p=974791,,
Were Analysts Bearish Expeditors International of Washington Inc. $EXPD This Week? - https://t.co/QvmqhkFk23,Mon Jul 09 10:20:11 +0000 2018,whatsonthorold2,https://www.whatsonthorold.com/2018/07/09/were-analysts-bearish-expeditors-international-of-washington-inc-nasdaqexpd-this-week/,,
Head-To-Head Comparison: Quanterix $QTRX vs. Mettler-Toledo International $MTD https://t.co/xAyzxKFUzo,Mon Jul 09 10:22:19 +0000 2018,MareaInformativ,http://www.mareainformativa.com/?p=408517,,
Can analysts adopt a bullish outlook for Expeditors International of Washington Inc. $EXPD? https://t.co/hFOjFxFbkX,Mon Jul 09 10:23:04 +0000 2018,reurope_stock,https://reurope.com/2018/07/09/can-analysts-adopt-a-bullish-outlook-for-expeditors-international-of-washington-inc-nasdaqexpd/,,
Discussion stirs around Expeditors International of Washington Inc. $EXPD this week; here is what analysts are sayâ€¦ https://t.co/hBByGkyS9Z,Mon Jul 09 10:25:33 +0000 2018,bibeypost_stock,https://twitter.com/i/web/status/1016267105740705793,,
$AR $CGC $DAVE $GNC $HSY $ICON $KMB $M $PEP $PG $RRC $SMRT $WTW https://t.co/l7Uxu08pFl,Mon Jul 09 10:25:46 +0000 2018,OLEGEFF,https://seekingalpha.com/article/4185993-sharing-2018-first-half-performance?source=tweet,,
$BWP $NS $SMLP $MMP $BPL $BKEP $CEQP $NSH $PAGP $OKE $SEMG $TGE $ENB $IPPLF $PPL $KEY $BIP $TOO $BBU https://t.co/Unor5QMkbN,Mon Jul 09 10:26:54 +0000 2018,OLEGEFF,https://seekingalpha.com/article/4185974-mlps-delayed-fuse?source=tweet,,
Wondering about #sentiment indicator for $AVY? The Short Ratio is 1.98% https://t.co/gLtWeP8OK4,Mon Jul 09 10:31:02 +0000 2018,1MinuteStock,https://unicornbay.com/t/AVY.US?utm_medium=tweet&utm_campaign=shortratio&utm_source=twitter,,
$AEE high OI range is 60.00 to 60.00 for option expiration 07/20/2018 #maxpain #options https://t.co/VuDBG81HYh https://t.co/pSbwLb6KLz,Mon Jul 09 10:36:43 +0000 2018,optioncharts,http://maximum-pain.com/options/open-interest/AEE,,
Comparing TransAlta $TAC and CenterPoint Energy $CNP  https://t.co/qKUTIOc3nl,Mon Jul 09 10:43:42 +0000 2018,EnterpriseLeade,http://theenterpriseleader.com/?p=974972,,
$ABG $ALGN $BA $DLTR $HTHT $KORS $NSP $SPY $URI https://t.co/GewrKZttpN,Mon Jul 09 10:47:58 +0000 2018,OLEGEFF,https://seekingalpha.com/article/4185987-portfolio-john-authers?source=tweet,,
Institutional Investor's Pro-Array Biopharma Inc $ARRY Sentiment In  Q1 2018 - https://t.co/s5bVKBz2oV,Mon Jul 09 10:57:48 +0000 2018,whatsonthorold2,https://www.whatsonthorold.com/2018/07/09/institutional-investors-pro-array-biopharma-inc-nasdaqarry-sentiment-in-q1-2018/,,
$0.24 EPS Expected for Platform Specialty Products Corp $PAH This Quarter https://t.co/ynJ7b3wOyx,Mon Jul 09 10:58:23 +0000 2018,MareaInformativ,http://www.mareainformativa.com/?p=409300,,
International Paper $IP Rating Increased to Buy at Wells Fargo &amp; Co https://t.co/tCEtjTwBt6,Mon Jul 09 10:58:37 +0000 2018,MareaInformativ,http://www.mareainformativa.com/?p=409266,,
Sentiment Change Report: Array Biopharma Inc $ARRY https://t.co/WQTvDqrg11,Mon Jul 09 10:58:57 +0000 2018,reurope_stock,https://reurope.com/2018/07/09/sentiment-change-report-array-biopharma-inc-nasdaqarry/,,
Reviewing Laboratory Corp. of America $LH and Miragen Therapeutics $MGEN  https://t.co/aBm9MTSRob,Mon Jul 09 10:59:34 +0000 2018,EnterpriseLeade,http://theenterpriseleader.com/?p=975098,,
Popular: $OPK $AMD $ADBE $IOTS $FEYE $XLU $FXA $MMM $OMER $FBHS $TCBK $AVY $SNCR $MDRX $PFPT $PRGO $WEB $ECPG $AMPH,Mon Jul 09 11:00:48 +0000 2018,LargeVoidBot,,,
How Many Wyndham Worldwide Corporation $WYN's Analysts Are Bullish? - https://t.co/BDtdQIb6eT,Mon Jul 09 11:04:53 +0000 2018,whatsonthorold2,https://www.whatsonthorold.com/2018/07/09/how-many-wyndham-worldwide-corporation-nysewyns-analysts-are-bullish/,,
Are Analysts Bullish Wyndham Worldwide Corporation $WYN After Last Week? https://t.co/x9S6Hcu4GW,Mon Jul 09 11:07:16 +0000 2018,reurope_stock,https://reurope.com/2018/07/09/are-analysts-bullish-wyndham-worldwide-corporation-nysewyn-after-last-week/,,
Wyndham Worldwide Corporation $WYN has analysts on the Bullish side this week. - https://t.co/vtrwLxX34x,Mon Jul 09 11:08:01 +0000 2018,bibeypost_stock,https://www.bibeypost.com/wyndham-worldwide-corporation-nysewyn-has-analysts-on-the-bullish-side-this-week/,,
$0.24 EPS Expected for Platform Specialty Products Corp $PAH This Quarter https://t.co/r67a6pJto7,Mon Jul 09 11:08:17 +0000 2018,ZolmaxNews,http://zolmax.com/?p=2370708,,
$AMG high OI range is 150.00 to 165.00 for option expiration 07/20/2018 #maxpain #options https://t.co/KUz06cDqG6 https://t.co/SUvei0qCsH,Mon Jul 09 11:09:56 +0000 2018,optioncharts,http://maximum-pain.com/options/open-interest/AMG,,
AON $AON Cut to â€œHoldâ€ at Zacks Investment Research  https://t.co/rXEV4121Lt,Mon Jul 09 11:15:10 +0000 2018,EnterpriseLeade,http://theenterpriseleader.com/?p=975172,,
Dominion Energy $D vs. CenterPoint Energy $CNP Financial Survey https://t.co/w60SEA9rir,Mon Jul 09 11:19:00 +0000 2018,dailypoliticaln,http://www.dailypolitical.com/?p=2190709,,
Critical Analysis: CenterPoint Energy $CNP &amp; Dominion Energy $D https://t.co/3vEqjWlDRb,Mon Jul 09 11:19:29 +0000 2018,dakotafinancial,http://dakotafinancialnews.com/?p=306638,,
RT @reurope_stock: Are Analysts Bullish Wyndham Worldwide Corporation $WYN After Last Week? https://t.co/x9S6Hcu4GW,Mon Jul 09 11:26:57 +0000 2018,AviseAnalytics,https://reurope.com/2018/07/09/are-analysts-bullish-wyndham-worldwide-corporation-nysewyn-after-last-week/,,
Do you know that #WallStreet price for $AVY is $104.17 https://t.co/wJg4FvRUSP,Mon Jul 09 11:27:02 +0000 2018,1MinuteStock,https://unicornbay.com/t/AVY.US?utm_medium=tweet&utm_campaign=wallstreet&utm_source=twitter,,
Allegion PLC $ALLE Receives $100.67 Average Target Price from Brokerages https://t.co/zkdHryYsd2,Mon Jul 09 11:38:23 +0000 2018,WatchlistN,http://zpr.io/6TGxv,,
Allegion PLC $ALLE Receives $100.67 Average Target Price from Brokerages https://t.co/nMZThqiwLq,Mon Jul 09 11:38:26 +0000 2018,MareaInformativ,http://www.mareainformativa.com/?p=409829,,
$HRS high OI range is 140.00 to 155.00 for option expiration 07/20/2018 #maxpain #options https://t.co/dV7aMv71DB https://t.co/TfLQV4Gkb1,Mon Jul 09 11:40:55 +0000 2018,optioncharts,http://maximum-pain.com/options/open-interest/HRS,,
Analysts Set Allegion PLC $ALLE PT at $100.67 https://t.co/UkNqOzzvSl,Mon Jul 09 11:41:10 +0000 2018,TickerReport,http://tickerreport.com/?p=3624408,,
EPS for HCA Healthcare Inc. $HCA Expected At $2.15 - https://t.co/Tg0SJO3GkN,Mon Jul 09 11:44:27 +0000 2018,whatsonthorold2,https://www.whatsonthorold.com/2018/07/09/eps-for-hca-healthcare-inc-hca-expected-at-2-15/,,
$2.15 EPS Expected for HCA Healthcare Inc. $HCA https://t.co/SnYBU142Tb,Mon Jul 09 11:45:28 +0000 2018,reurope_stock,https://reurope.com/2018/07/09/2-15-eps-expected-for-hca-healthcare-inc-hca/,,
HCA Healthcare Inc. $HCA EPS Estimated At $2.15 - https://t.co/hVF2075kxE,Mon Jul 09 11:45:56 +0000 2018,bibeypost_stock,https://www.bibeypost.com/hca-healthcare-inc-hca-eps-estimated-at-2-15-2/,,
$TROW Max Pain is 118.00 for maturity 07/13/2018. #maxpain #options https://t.co/gDcCNg0fKZ https://t.co/7c5Uj5BPuN,Mon Jul 09 11:46:08 +0000 2018,optioncharts,http://maximum-pain.com/options/max-pain/TROW,,
We calculated 21-day Expected Return of $AVY for you: -4.98% https://t.co/4N2M6KmFDg,Mon Jul 09 11:50:02 +0000 2018,1MinuteStock,https://unicornbay.com/t/AVY.US?utm_medium=tweet&utm_campaign=expreturn&utm_source=twitter,,
Brokerages Anticipate Ecolab Inc. $ECL Will Announce Earnings of $1.27 Per Share https://t.co/CrAqSdiOJn,Mon Jul 09 11:52:10 +0000 2018,dispatchtribune,http://dispatchtribunal.com/?p=2042652,,
Get the latest news and updates for $HCA $SREV $CSOD $MX $ATAX automatically with MarketBeat Daily https://t.co/nSJuDsYidj,Mon Jul 09 11:55:23 +0000 2018,RatingsNetwork,http://bit.ly/arndailyw,,
The Hershey Company $HSY EPS Estimated At $1.11 - https://t.co/SaGaryShWy,Mon Jul 09 11:58:31 +0000 2018,whatsonthorold2,https://www.whatsonthorold.com/2018/07/09/the-hershey-company-hsy-eps-estimated-at-1-11/,,
EPS for The Hershey Company $HSY Expected At $1.11 https://t.co/071QtHijV4,Mon Jul 09 11:59:38 +0000 2018,reurope_stock,https://reurope.com/2018/07/09/eps-for-the-hershey-company-hsy-expected-at-1-11/,,
I would not pre-pay. I would invest instead and let the investments cover it. - Dave Ramsey $AVY $SFIX $FEYEâ€¦ https://t.co/2JbNzkp0PO,Mon Jul 09 12:00:00 +0000 2018,traderead,https://twitter.com/i/web/status/1016290872596598784,,
OptionHacker identified unusual option activity in 3 stocks Thursday including $TIVO $MGM and  $ARRY. Three were bâ€¦ https://t.co/UR48LYwyCJ,Mon Jul 09 12:00:09 +0000 2018,OptionHacker,https://twitter.com/i/web/status/1016290911976861696,,
$1.11 EPS Expected for The Hershey Company $HSY - https://t.co/mYlzXtF3PC,Mon Jul 09 12:00:29 +0000 2018,bibeypost_stock,https://www.bibeypost.com/1-11-eps-expected-for-the-hershey-company-hsy/,,
Leucadia National Corp $LUK Stake Has Upped by West Oak Capital Llc - https://t.co/RO6Saxby9d,Mon Jul 09 12:03:14 +0000 2018,whatsonthorold2,https://www.whatsonthorold.com/2018/07/09/leucadia-national-corp-luk-stake-has-upped-by-west-oak-capital-llc/,,
West Oak Capital LLC Lifted Its Stake in Leucadia National Corp $LUK by $5.64 Billion as Stock Value Declined https://t.co/7a1biMJ2Dz,Mon Jul 09 12:05:21 +0000 2018,reurope_stock,https://reurope.com/2018/07/09/west-oak-capital-llc-lifted-its-stake-in-leucadia-national-corp-luk-by-5-64-billion-as-stock-value-declined/,,
West Oak Capital LLC Holds Position in Leucadia National Corp $LUK - https://t.co/8eiWsCA76K,Mon Jul 09 12:05:39 +0000 2018,bibeypost_stock,https://www.bibeypost.com/west-oak-capital-llc-holds-position-in-leucadia-national-corp-luk/,,
Weekly Wrap-Up: Kinder Morgan Rose 1.5% Last Week $KMI $EPD $OKE $XLE https://t.co/6qkvE2N6f5 https://t.co/TlHqb6E53v,Mon Jul 09 12:16:03 +0000 2018,MarketRealist,https://marketrealist.com/2018/07/weekly-wrap-up-kinder-morgan-rose-1-5-last-week,,
$KO $ADBE and $AZO are just a few names to watch https://t.co/XhUKSXzTf4,Mon Jul 09 12:17:00 +0000 2018,TheStreet,https://buff.ly/2uh6gsx,,
RT @TheStreet: $KO $ADBE and $AZO are just a few names to watch https://t.co/XhUKSXzTf4,Mon Jul 09 12:18:25 +0000 2018,KLNorvell,https://buff.ly/2uh6gsx,,
RT @TheStreet: $KO $ADBE and $AZO are just a few names to watch https://t.co/XhUKSXzTf4,Mon Jul 09 12:20:15 +0000 2018,JSnoBuni,https://buff.ly/2uh6gsx,,
RT @MarketRealist: Weekly Wrap-Up: Kinder Morgan Rose 1.5% Last Week $KMI $EPD $OKE $XLE https://t.co/6qkvE2N6f5 https://t.co/TlHqb6E53v,Mon Jul 09 12:22:18 +0000 2018,JP_Gravitt,https://marketrealist.com/2018/07/weekly-wrap-up-kinder-morgan-rose-1-5-last-week,,
RT @TheStreet: $KO $ADBE and $AZO are just a few names to watch https://t.co/XhUKSXzTf4,Mon Jul 09 12:22:44 +0000 2018,JP_Gravitt,https://buff.ly/2uh6gsx,,
Comparing Entergy $ETR and Avangrid $AGR https://t.co/1cOKX7o4aZ,Mon Jul 09 12:32:18 +0000 2018,OlympiaReport,http://theolympiareport.com/?p=913191,,
Zacks: Brokerages Expect Ecolab Inc. $ECL to Announce $1.27 EPS  https://t.co/W2RuhvG1Kz,Mon Jul 09 12:32:54 +0000 2018,EnterpriseLeade,http://theenterpriseleader.com/?p=975436,,
Analyzing Avangrid $AGR &amp; Entergy $ETR https://t.co/3BIDMb9fm5,Mon Jul 09 12:35:00 +0000 2018,WeekHerald,http://weekherald.com/?p=2979019,,
Will Hartford Financial Services Group Inc Deliver Long-Term Returns? $HIG https://t.co/ylCHDq0rUf,Mon Jul 09 12:35:35 +0000 2018,SADIFAnalytics,https://www.sadifanalytics.com/reports/find/HIG-47187,,
Kimco Q2 sales volume exceeds $330M https://t.co/2QNgvSZFXO #premarket $KIM,Mon Jul 09 12:53:33 +0000 2018,MarketCurrents,https://seekingalpha.com/news/3368556-kimco-q2-sales-volume-exceeds-330m?source=feed_f,,
ðŸ•˜ #9at9 - Your 9am ET daily digest of what large &amp; mid-cap ðŸ‡ºðŸ‡¸ stocks are â¬†ï¸ &amp; â¬‡ï¸ the most in the premarket.  ðŸ“ˆâ€¦ https://t.co/5Ak0pzECNr,Mon Jul 09 12:55:55 +0000 2018,BrandonVanZee,https://twitter.com/i/web/status/1016304945941774336,,
TTG Live Pre Market session starts in 5 mins ðŸ”¹Analyst notes we are reviewing: $BIDU $TTD $NFLX $PYPL $FEYE $LULUâ€¦ https://t.co/2M0gwpwQSC,Mon Jul 09 12:58:26 +0000 2018,cfromhertz,https://twitter.com/i/web/status/1016305576601636865,,
Stericycle (SRCL) Holder Chesley Taft &amp; Associates Trimmed Holding by $1.54 ... https://t.co/KYb1AbelHE $SRCL #stocks #stockmarket,Mon Jul 09 13:00:03 +0000 2018,StocksPredictr,https://wolcottdaily.com/stericycle-srcl-holder-chesley-taft-pnc-financial-services-group-holds-holding-in-broadridge-finl-solutions-in-br/,,
$CUBE $EXR $HOG $KO $LSI $PSA $IRM https://t.co/GFZTPvIifx,Mon Jul 09 13:00:04 +0000 2018,SAlphaTech,https://seekingalpha.com/article/4185504-blue-chip-yielding-6_7-percent-opportunistic-buy-30-percent-minimum-upside?source=feed_tags,,
Big Call Activity https://t.co/bm9ExhI6UL â€¦ $PEP $SPOT $GOOGL $MDT $GS $MRO $PBR $BABA $FDX $SLCA $NEM $TEVA $NVDAâ€¦ https://t.co/Dby2a7IB5q,Mon Jul 09 13:02:03 +0000 2018,DailyStockPlays,http://www.dailystockplays.com/Unusual-Call-Option-Activity-Today-2018-07-05.html,,
Big Put Activity https://t.co/6KEmdkCp57 â€¦ â€¦ â€¦ $XRX $MRTX $CRM $VIPS $WFC $LRCX $SOGO $MDLZ $APA $SGYP $GOOS $ARWRâ€¦ https://t.co/v5Pfji06l4,Mon Jul 09 13:02:21 +0000 2018,DailyStockPlays,http://www.dailystockplays.com/Unusual-Put-Option-Activity-Today-2018-07-05.html,,
Will Helmerich and Payne Inc Perform Long Term? $HP https://t.co/MQrLVPNGFM,Mon Jul 09 13:02:28 +0000 2018,SADIFAnalytics,https://www.sadifanalytics.com/reports/find/HP-47217,,
Big Put Activity https://t.co/6KEmdkCp57 â€¦ â€¦ â€¦ $FOXA $GPS $UTX $CLX $PSMT $MET $COP $FSLR $GERN $LEA $HAL $GMEâ€¦ https://t.co/IDxx6Kmr2o,Mon Jul 09 13:02:30 +0000 2018,DailyStockPlays,http://www.dailystockplays.com/Unusual-Put-Option-Activity-Today-2018-07-05.html,,
$DRYS #BDI #SHIPPING $DCIX $GLBS $TOOPS  Dry Bulk Shipping Stocks Are Poised To Jump via @forbes https://t.co/fvvF2F2m7j,Mon Jul 09 13:02:51 +0000 2018,KennethMilesTa2,https://www.forbes.com/sites/jimcollins/2018/07/09/dry-bulk-shipping-stocks-are-poised-to-jump/,,
Big Call Activity https://t.co/bm9ExhI6UL  $CTL $BMY $SKX $ARNC $NTES $WDC $HES $JPM $OZRK $CAG $TSM $CTRP $TXTâ€¦ https://t.co/OxHNQIO4H6,Mon Jul 09 13:02:56 +0000 2018,DailyStockPlays,http://www.dailystockplays.com/Unusual-Call-Option-Activity-Today-2018-07-05.html,,
Analysts Set HCA Healthcare Inc $HCA Target Price at $107.29 https://t.co/eBKJtAdBQk,Mon Jul 09 13:03:03 +0000 2018,MareaInformativ,http://www.mareainformativa.com/?p=410381,,
Brokerages Set Fairmount Santrol $FMSA Target Price at $5.88 https://t.co/obTpp5eFYH,Mon Jul 09 13:03:09 +0000 2018,MareaInformativ,http://www.mareainformativa.com/?p=410366,,
Big Call Activity https://t.co/bm9ExhI6UL $VNOM $ABX $DE $MDR $ABBV $WLL $APC $QRVO $TWTR $ON $VC $AABA $CELG $JCIâ€¦ https://t.co/Es8RKZPp5e,Mon Jul 09 13:03:10 +0000 2018,DailyStockPlays,http://www.dailystockplays.com/Unusual-Call-Option-Activity-Today-2018-07-05.html,,
Big Call Activity https://t.co/bm9ExhI6UL â€¦ â€¦ â€¦ $CX $BX $ADM $OMC $TSLA $SNAP $MSG $INTC $JCP $TIVO $DRI $ANW $CNQâ€¦ https://t.co/QU7H2mmW6b,Mon Jul 09 13:03:19 +0000 2018,DailyStockPlays,http://www.dailystockplays.com/Unusual-Call-Option-Activity-Today-2018-07-05.html,,
Big Call Activity https://t.co/NGE2po2vn7 â€¦ â€¦ $IQ $HDS $TWTR $DDD $GOOGL $AMGN $BAC $SNAP $BIDU $PXD $ATVI $MS $KOâ€¦ https://t.co/ZJguY9CmGk,Mon Jul 09 13:03:37 +0000 2018,DailyStockPlays,http://www.dailystockplays.com/Unusual-Call-Option-Activity-Today-2018-07-06.html,,
Critical Review: Gentex $GNTX versus Delphi Technologies $DLPH https://t.co/vmrMEKMSrO,Mon Jul 09 13:03:41 +0000 2018,ThisLincolnian,http://thelincolnianonline.com/?p=2172409,,
Big Call Activity https://t.co/NGE2po2vn7 â€¦ â€¦ $CMG $ARRY $BABA $SLB $CPB $IBM $MXWL $AMAT $CZR $UIS $VIPS $HAL $PCGâ€¦ https://t.co/2iSLFPOX2E,Mon Jul 09 13:03:46 +0000 2018,DailyStockPlays,http://www.dailystockplays.com/Unusual-Call-Option-Activity-Today-2018-07-06.html,,
Big Call Activity https://t.co/NGE2po2vn7 â€¦ â€¦ $AAPL $CRM $DKS $UAL $AGN $GS $NTES $ABEV $LRCX $FCX $PII $WBA $AIGâ€¦ https://t.co/e1mzyyA3JN,Mon Jul 09 13:03:55 +0000 2018,DailyStockPlays,http://www.dailystockplays.com/Unusual-Call-Option-Activity-Today-2018-07-06.html,,
Big Put Activity https://t.co/1LaOvUmILP â€¦ â€¦ $AXP $PNR $NLS $PG $AMT $BBT $FEYE $ABX $YY $SWKS $WPX $XON $PEP $TXTâ€¦ https://t.co/KZMdh8k5ml,Mon Jul 09 13:04:24 +0000 2018,DailyStockPlays,http://www.dailystockplays.com/Unusual-Put-Option-Activity-Today-2018-07-06.html,,
Brokerages Set Fairmount Santrol $FMSA Target Price at $5.88  https://t.co/S8V7zea9vq,Mon Jul 09 13:04:49 +0000 2018,EnterpriseLeade,http://theenterpriseleader.com/?p=975475,,
Earnings volatility concerns drive reinsurance buying Willis Towers Watson survey finds $WLTW https://t.co/4nEUzaZLSI,Mon Jul 09 13:06:04 +0000 2018,GNWLive,http://bit.ly/2m7pNYC,,
Critical Contrast: InVitae $NVTA versus Laboratory Corp. of America $LH https://t.co/jSUU2xM6IC,Mon Jul 09 13:06:51 +0000 2018,TranscriptDaily,http://zpr.io/6TqzY,,
Analysts Set Fairmount Santrol $FMSA Price Target at $5.88 https://t.co/zj3cpCe6Aq,Mon Jul 09 13:07:09 +0000 2018,dispatchtribune,http://dispatchtribunal.com/?p=2042711,,
Analysts Set HCA Healthcare Inc $HCA Target Price at $107.29 https://t.co/Mfw0Ytr1h8,Mon Jul 09 13:07:30 +0000 2018,ledgerzette,http://ledgergazette.com/?p=2815230,,
$RSG $WCN $WM https://t.co/7wGdxD7n1e,Mon Jul 09 13:08:41 +0000 2018,SeekingAlpha,https://seekingalpha.com/article/4186062-load-truck-garbage-processor?source=feed_f,,
Recent $AON technical alerts: MACD Bullish Signal Line Cross plus 3 more alerts... https://t.co/D9UIOVVbw5,Mon Jul 09 13:10:07 +0000 2018,SwingTradeBot,https://swingtradebot.com/equities/AON,,
7/9 200D MA Watch List: $GDX $FNSR $MNST $KO $GPS $EWW $GILD $GPRO $WFT $TMUS $AMTD $LVS $UTX $MRVL $GBT $ENB $BBTâ€¦ https://t.co/OHxYm4FV4u,Mon Jul 09 13:10:26 +0000 2018,TradeAcademyCo,https://twitter.com/i/web/status/1016308599411310592,,
7/9 Low IV Watch List: $PTLA $DVMT $SHPG $VMW $GBT $WMT $RCII $EXEL $KR $WPM $HRB $CTL $RSX $VKTX $ROKU $EVHC $CSCOâ€¦ https://t.co/xwfifGjIIU,Mon Jul 09 13:11:53 +0000 2018,TradeAcademyCo,https://twitter.com/i/web/status/1016308962906595328,,
$WLTW Earnings volatility concerns drive reinsurance buying Willis Towers Watson survey finds Nasdaq:WLTW https://t.co/sHDSblOW2D,Mon Jul 09 13:11:54 +0000 2018,StockTexts,http://www.globenewswire.com/news-release/2018/07/09/1534686/0/en/Earnings-volatility-concerns-drive-reinsurance-buying-Willis-Towers-Watson-survey-finds.html,,
$ROP Roper Technologies: The Best-Performing Dividend Aristocrat for the Past 2 Decades Is Not a Good Investment Toâ€¦ https://t.co/LIuM9B93q2,Mon Jul 09 13:13:06 +0000 2018,FASTGraphs,https://twitter.com/i/web/status/1016309270210662402,,
Not sure what to do with $AON? Explore our #fundamental pros and cons.  https://t.co/3irrKSrSnv,Mon Jul 09 13:15:03 +0000 2018,1MinuteStock,https://unicornbay.com/t/AON.US?utm_medium=tweet&utm_campaign=notsureproscons&utm_source=twitter,,
$WLTW Earnings volatility concerns drive reinsurance buying Willis Towers Watson survey finds https://t.co/gpBKCwGtrp,Mon Jul 09 13:17:28 +0000 2018,stockelite,http://bit.ly/2N3lQzJ,,
Short sale volume (not short interest) for $NVAX at 2018-07-06 is 62%. https://t.co/LriMbfGFi2 $GSK 56% $CLDX 65% $AZN 49% $ACHN 53%,Mon Jul 09 13:18:02 +0000 2018,shortvolumes,http://shortvolumes.com/?t=NVAX,,
$ELTP.1098 - 10 cent Drug Mfr gets FDA Percocet Generic APPROVAL!! 500 million dollar market! $CJJD $GNC $DPLOâ€¦ https://t.co/DLuebYwkKA,Mon Jul 09 13:29:47 +0000 2018,Drugdoctor2014,https://twitter.com/i/web/status/1016313467433709570,,
#France Stocks: Media $PUB+2%.Hotels $AC+2.1%.Auto $RNO-1.5%.Food $BN-1.3%.Airline $AF+6.8%.Telecom $SESG+2.7%.Enerâ€¦ https://t.co/u4MeSGcwbV,Mon Jul 09 13:30:01 +0000 2018,ZoomStocks,https://twitter.com/i/web/status/1016313527328534528,,
Head-To-Head Contrast: Ameren $AEE and United Utilities Group $UUGRY https://t.co/Acl3oxHksz,Mon Jul 09 13:30:52 +0000 2018,TranscriptDaily,http://zpr.io/6TqEp,,
Head-To-Head Comparison: Construction Partners $ROAD versus Fluor Co. $NEW $FLR https://t.co/9xdTBbIl8P,Mon Jul 09 13:30:53 +0000 2018,TranscriptDaily,http://zpr.io/6TqEZ,,
Analysts at Northland Capital Didn't Change their Past â€˜Buyâ€™ rating on Shares Beximco Pharmaceuticals Ltd $BXP Setâ€¦ https://t.co/sm4VYUoOc5,Mon Jul 09 13:33:52 +0000 2018,whatsonthorold2,https://twitter.com/i/web/status/1016314495273259008,,
$AWR $BKH $CNP $DTE $EIX $EXC $MDU $NI $NJR $PPL $SCG $SR $SRE $SWX $UGI $XLU https://t.co/F92DlsUmjm,Mon Jul 09 13:34:51 +0000 2018,SeekingAlpha,https://seekingalpha.com/article/4186072-utilities-dashboard-update?source=feed_f,,
"Beximco Pharmaceuticals Ltd $BXP ""Buy"" Rating Maintained Today By Northland Capital; The Target is GBX 84.00 https://t.co/rGURrzPbIz",Mon Jul 09 13:35:00 +0000 2018,The_CasualSmart,https://floridarecorder.com/2018/07/09/beximco-pharmaceuticals-ltd-lonbxp-buy-rating-maintained-today-by-northland-capital-the-target-is-gbx-84-00/,,
Dividend Champions With 20% Stock Price Potential -&gt; https://t.co/KBFzpewsL6 - $ORI $DOV $NUE $ABM $ITW $GD $NC $PH $SWK $PNR $SEIC,Mon Jul 09 13:35:04 +0000 2018,DividendSheet,http://long-term-investments.blogspot.com/2018/07/dividend-champions-with-20-stock-price.html,,
"68.00 % to Target Northland Capital Maintains â€˜""Buy""â€™ Rating on Beximco Pharmaceuticals Ltd $BXP Shares Today https://t.co/XEFEllbbmw",Mon Jul 09 13:35:11 +0000 2018,reurope_stock,https://reurope.com/2018/07/09/68-00-to-target-northland-capital-maintains-buy-rating-on-beximco-pharmaceuticals-ltd-lonbxp-shares-today/,,
$2.92 EPS Expected for Laboratory Corporation of America Holdings $LH https://t.co/4CmIdevKuB,Mon Jul 09 13:35:58 +0000 2018,reurope_stock,https://reurope.com/2018/07/09/2-92-eps-expected-for-laboratory-corporation-of-america-holdings-lh/,,
Reaffirmed: Beximco Pharmaceuticals Ltd $BXP Buy Rating Reaffirmed by Northland Capital; GBX 84.00 Target in Place - https://t.co/9264aeoBfo,Mon Jul 09 13:36:47 +0000 2018,bibeypost_stock,https://www.bibeypost.com/reaffirmed-beximco-pharmaceuticals-ltd-lonbxp-buy-rating-reaffirmed-by-northland-capital-gbx-84-00-target-in-place/,,
Laboratory Corporation of America Holdings $LH Analysts See $2.92 EPS - https://t.co/ebsPTDQcB1,Mon Jul 09 13:37:41 +0000 2018,bibeypost_stock,https://www.bibeypost.com/laboratory-corporation-of-america-holdings-lh-analysts-see-2-92-eps/,,
Monday's Top Analyst Upgrades and Downgrades: Baidu Capital One Delphi Technologies Dunkinâ€™ Brands FireEye Walâ€¦ https://t.co/smhS0r6fpD,Mon Jul 09 13:37:47 +0000 2018,247WallSt,https://twitter.com/i/web/status/1016315479504416768,,
High Yield Dividend Champion Portfolio - July Update $BKH $ED $KMB $MO $PEP $PNR $SKT $T https://t.co/Da7YHTEDO6,Mon Jul 09 13:39:20 +0000 2018,TalkMarkets,https://goo.gl/fuehCf,,
Commented on $AAPL $ADBE $AEIS $AMAT $ANET $ANSS $ATHM $AVGO $BIDU $CDNS $CGNX $COHR $EA $ESIO $FB $FFIV $FISVâ€¦ https://t.co/uu8WQau52y,Mon Jul 09 13:39:26 +0000 2018,andrescardenal,https://twitter.com/i/web/status/1016315897592475648,,
NPP's This Week In Trading 7.9.18 https://t.co/hL8W6OmMUM $SPX $AMD $ARRY $BABA $BAC $BX $C $CAT $DHI $DIS $ECAâ€¦ https://t.co/FZOtvtvVM6,Mon Jul 09 13:44:17 +0000 2018,NPPtrades,http://northpostpartners.com/weekly-trading-plan/,,
$AAN $AAPL $ABBV $ADM $AFL $ALLE $AM $AMGP $AMP $AMT $ANDX $AON $AOS $APD $APOG $AQN $AVGO $AY $BAC $BAM $BEP $BIP https://t.co/wkE8mTuTFm,Mon Jul 09 13:46:28 +0000 2018,adamgalas1,https://seekingalpha.com/article/4185992-dividend-senseis-portfolio-update-42-3-reasons-perfect-jobs-report-spells-great-news-stocks?source=tweet,,
Load Up The Truck With This Garbage Processor  $RSG $WCN $WM https://t.co/ggNAZCMw6V,Mon Jul 09 13:46:45 +0000 2018,KGwrtr,https://seekingalpha.com/article/4186062-load-truck-garbage-processor?source=tweet,,
$MUR:  New SEC Filing for MUR: Form SC 13G/A (No. 0001564590-18-016664):  https://t.co/oiIZqMvDTp,Mon Jul 09 13:47:02 +0000 2018,Stock_News_Now,http://stocknewsflow.com/717423_000156459018016664_0001564590-18-016664,,
$GNCA 'Methods for improving the immunogenicity and efficacy of cancer vaccines' https://t.co/yupUTMQN8C Genocea'sâ€¦ https://t.co/iXw6oNLRV8,Mon Jul 09 13:50:52 +0000 2018,TamaleNacho,https://www.ncbi.nlm.nih.gov/m/pubmed/29874943/?i=2&from=neoantigens%20cancer%20vaccine,,
Get the latest ratings for $ETR $ISRG $DPS $ILMN $GD in your inbox with MarketBeat Daily https://t.co/nSJuDsYidj,Mon Jul 09 13:51:28 +0000 2018,RatingsNetwork,http://bit.ly/arndailyw,,
Fidelity National Information Servcs Inc: The stock is testing its highs. $FIS https://t.co/uswYUpeD24 https://t.co/UsLyatz07n,Mon Jul 09 13:53:19 +0000 2018,MScreener,http://www.4-traders.com//FIDELITY-NATIONAL-INFORMA-12027/,,
ONEOK Inc.: The stock is testing its highs. $OKE https://t.co/x7GOvsg4Sj https://t.co/n0Tkpd32ct,Mon Jul 09 13:54:16 +0000 2018,MScreener,http://www.4-traders.com//ONEOK-INC-13899/,,
Zacks: Brokerages Anticipate Laboratory Corp. of America Holdings $LH to Announce $2.92 EPS https://t.co/qyRTaZ7H60,Mon Jul 09 13:54:29 +0000 2018,WatchlistN,http://zpr.io/6Tqwx,,
Zacks: Brokerages Expect Laboratory Corp. of America Holdings $LH to Post $2.92 Earnings Per Share https://t.co/ymHDGn5ysu,Mon Jul 09 13:55:10 +0000 2018,TickerReport,http://tickerreport.com/?p=3624590,,
Kimco Q2 sales volume exceeds $330M https://t.co/3g0Nls0Dir #REIT $KIM,Mon Jul 09 13:57:54 +0000 2018,_____yago_____,https://seekingalpha.com/news/3368556,,
Zacks: Analysts Anticipate Boston Properties Inc. $BXP to Post $1.56 EPS https://t.co/oaJYhATim1,Mon Jul 09 13:59:28 +0000 2018,TheMarketsDaily,http://zpr.io/6TqF5,,
Momentum Mover Alert: $PAH https://t.co/xgj7zTIZTr,Mon Jul 09 14:00:04 +0000 2018,gsi_momo_alerts,https://www.getstockideas.com/lp/momo-stock-screener.php?utm_source=twitter,,
DOWNSIDE MOMENTUM ALERT: $UDR UDR ðŸ“‰ TradeIdeas via https://t.co/VS8RO1bzXJ to Free Trading Room,Mon Jul 09 14:02:10 +0000 2018,AlertTrade,http://AlertTrade.us,,
RT @AlertTrade: DOWNSIDE MOMENTUM ALERT: $UDR UDR ðŸ“‰ TradeIdeas via https://t.co/VS8RO1bzXJ to Free Trading Room,Mon Jul 09 14:02:11 +0000 2018,tradnews_,http://AlertTrade.us,,
30+ Companies that could defy the odds this earnings season.. https://t.co/e39R2GxmA3 #Earnings $ADBE $AZO $KO,Mon Jul 09 14:05:38 +0000 2018,whotrades,https://whotrades.com/$ADBE/4460869?showMore=1,,
Some charts take time wear you out and so on.  Due to e-commerce growth I am long longer calls right here of $PKGâ€¦ https://t.co/pqdgzQs0eC,Mon Jul 09 14:06:19 +0000 2018,iSPYpotential,https://twitter.com/i/web/status/1016322662031937536,,
$AVY Max Pain=105.00. Maturity=07/20/2018. #maxpain #options https://t.co/Qkw9MOz4We https://t.co/43HLF3wAxJ,Mon Jul 09 14:10:14 +0000 2018,optioncharts,http://maximum-pain.com/options/max-pain/AVY,,
High Yield Dividend Champion Portfolio â€“ July Update https://t.co/WId6TkQpAA $T $MO $ED $BKH $KMB $SKT $PEP $PNR,Mon Jul 09 14:14:03 +0000 2018,whotrades,https://whotrades.com/$T/4460889?showMore=1,,
Unicorn Bay rating for $HSIC is 2.89 out of 5. https://t.co/oqWXrjDac9,Mon Jul 09 14:14:03 +0000 2018,1MinuteStock,https://unicornbay.com/t/HSIC.US?utm_medium=tweet&utm_campaign=rank&utm_source=twitter,,
Top % Gainers: $MBVX 235% $STAF 142% $BNTC 71% $NNDM $BBOX $PVG $HELE $TGC $WHD $LBIX $AUO $LC $TGA $DLPH $AXONâ€¦ https://t.co/ZR0dg5fjJm,Mon Jul 09 14:18:20 +0000 2018,Super1NYC,https://twitter.com/i/web/status/1016325685583855617,,
$AVY has outperformed analysts' expectations for EPS. This indicates the company's overall financial health. #EPSâ€¦ https://t.co/iNXqMEzLD4,Mon Jul 09 14:30:00 +0000 2018,StockMetrixApp,https://twitter.com/i/web/status/1016328621114515461,,
Office Depot Inc $ODP Receives Average Rating of â€œHoldâ€ from Analysts https://t.co/U5dK7Q97ER,Mon Jul 09 14:30:22 +0000 2018,ZolmaxNews,http://zolmax.com/?p=2370991,,
$AWR $BKH $CNP $DTE $EIX $EXC $MDU $NI $NJR $PPL $SCG $SR $SRE $SWX $UGI $XLU https://t.co/gseVPlDcgg,Mon Jul 09 14:42:01 +0000 2018,OLEGEFF,https://seekingalpha.com/article/4186072-utilities-dashboard-update?source=tweet,,
$GWW $BMS $AFL $WFC $PFE $SO $UL $ADM $AMGN $YUM $EMR $MMM $JNJ $DOV $ED $KHC $VFC $MCD $YUMC $D $GILD $BDX $TROW https://t.co/6qnrXiqM2T,Mon Jul 09 14:42:20 +0000 2018,OLEGEFF,https://seekingalpha.com/article/4186026-dividend-income-update-june-2018?source=tweet,,
RT @WeekHerald: Reviewing Editas Medicine $EDIT &amp; Novavax $NVAX https://t.co/tfnw8fwtbl,Mon Jul 09 14:44:11 +0000 2018,tabuhasna,http://weekherald.com/?p=2978806,,
RT @OlympiaReport: Novavax $NVAX and Editas Medicine $EDIT Head-To-Head Contrast https://t.co/CiD4WMpNdJ,Mon Jul 09 14:44:15 +0000 2018,tabuhasna,http://theolympiareport.com/?p=912976,,
Mettler-toledo International Inc $MTD's Stock Is Sell After More Market Selling - https://t.co/RspOmpstZn,Mon Jul 09 14:44:49 +0000 2018,whatsonthorold2,https://www.whatsonthorold.com/2018/07/09/mettler-toledo-international-inc-nysemtds-stock-is-sell-after-more-market-selling/,,
Morgan Stanley upgrades $DLPH from Equal-Weight to Overweight https://t.co/vZepAuenD0,Mon Jul 09 14:47:20 +0000 2018,usratings,http://99wallstreet.com/ratings/stock/DLPH/,,
Check out these 10 Dividend Champions With 20% Stock Price Potential -&gt; https://t.co/VLghgYivTo - $ORI $DOV $NUEâ€¦ https://t.co/46CnOhv8tL,Mon Jul 09 14:48:06 +0000 2018,DividendSheet,https://goo.gl/AQV5EZ,,
Is Mettler-toledo International Inc $MTDâ€™s Fuel Running Low? Reports Show More Sellers https://t.co/tFgc74diT1,Mon Jul 09 14:48:29 +0000 2018,reurope_stock,https://reurope.com/2018/07/09/is-mettler-toledo-international-inc-nysemtds-fuel-running-low-reports-show-more-sellers/,,
Is Buying Mettler-toledo International Inc $MTD Here Good Idea? - https://t.co/8TmG3YiFjG,Mon Jul 09 14:48:52 +0000 2018,bibeypost_stock,https://www.bibeypost.com/is-buying-mettler-toledo-international-inc-nysemtd-here-good-idea/,,
Forward motion again for auto suppliers https://t.co/OCmMJ7ndD1 $DLPH $DAN $AXL $MTOR,Mon Jul 09 14:49:59 +0000 2018,MarketCurrents,https://seekingalpha.com/news/3368633-forward-motion-auto-suppliers?source=feed_f,,
Recent $HSIC technical alerts: Bollinger Band Squeeze plus 3 more alerts... https://t.co/oT63eBYHMr,Mon Jul 09 14:50:10 +0000 2018,SwingTradeBot,https://swingtradebot.com/equities/HSIC,,
Fertilizer stocks $ipi $ntr $mos all basically flat the last month as the trade discussions/battles heat up imo loâ€¦ https://t.co/eF3swFgOgJ,Mon Jul 09 14:54:03 +0000 2018,w2beavfan,https://twitter.com/i/web/status/1016334675134984194,,
RT @TamaleNacho: $GNCA 'Methods for improving the immunogenicity and efficacy of cancer vaccines' https://t.co/yupUTMQN8C Genocea's ATLAS iâ€¦,Mon Jul 09 14:54:30 +0000 2018,ajbrzski,https://www.ncbi.nlm.nih.gov/m/pubmed/29874943/?i=2&from=neoantigens%20cancer%20vaccine,,
Benzinga's Top Upgrades Downgrades For July 9 2018  $DLPH $OAS $RXII $KORS $BIDU $AMT $ADM $FEYE $TSCO $PG $WBAâ€¦ https://t.co/Iz36yotTkA,Mon Jul 09 14:56:27 +0000 2018,TopStockAlerts1,https://twitter.com/i/web/status/1016335279110737920,,
$HELE $EL $NUS $NHTC:  This Top Consumer Stock Is Booming On Big Earnings Beat:  https://t.co/0vZZ9tNH38,Mon Jul 09 14:57:01 +0000 2018,NewsToDesk,https://www.StockNewsWires.com/hele-el-nus-nhtc-this-top-consumer-stock-is-booming-on-big-earnings-beat/,,
@beep_eminent the mother of all app will be powered by Eminent $EMN https://t.co/zkV6DIyqt5 and will provide allâ€¦ https://t.co/602Iizhx0j,Mon Jul 09 14:58:08 +0000 2018,marcio_teruel,http://eminent.beepnation.com,,
$WM Max Pain is 82.50 for maturity 07/20/2018. #maxpain #options https://t.co/BoudjB7v5l https://t.co/tjiYGySw3X,Mon Jul 09 15:01:53 +0000 2018,optioncharts,http://maximum-pain.com/options/max-pain/WM,,
Kimco Realty Corp. (KIM) has improved a lot on the charts in the past three months. Let's see if we can present a pâ€¦ https://t.co/w53pBxIvSp,Mon Jul 09 15:02:03 +0000 2018,realmoney,https://twitter.com/i/web/status/1016336685985095681,,
At the moment in the period of #ICO it is already possible to notice the growth of its community and investors. Tâ€¦ https://t.co/7CKZ823f7O,Mon Jul 09 15:03:09 +0000 2018,marcio_teruel,https://twitter.com/i/web/status/1016336962288939009,,
$MTD high OI range is 580.00 to 700.00 for option expiration 07/20/2018 #maxpain #options https://t.co/65dNriHd3k https://t.co/yStjG6lRZA,Mon Jul 09 15:06:54 +0000 2018,optioncharts,http://maximum-pain.com/options/open-interest/MTD,,
$XYL U.S. Firm Helps Thai Rescuers Pump Water From Cave to Save Boys via https://t.co/jURZDymPXI,Mon Jul 09 15:09:02 +0000 2018,finzine,http://www.hvper.com/?ref=ftw,,
Mid-morning highest % above OR 30-min high Trading range % &amp; Up/Avg Gain of today's three 30-min bars (Min $5 Volâ€¦ https://t.co/bxVypppjAa,Mon Jul 09 15:09:35 +0000 2018,15minofPham,https://twitter.com/i/web/status/1016338583160942593,,
ðŸ”¥HOTðŸ”¥stocks today $STAF $MBVX $PTIE $NNDM $ISR $BBOX $AQXP $CVM $BNTC $DFBG $LC $TGC $HELE $PVG $AUO $MDXG $AXONâ€¦ https://t.co/klfpbh0OrF,Mon Jul 09 15:10:49 +0000 2018,ProfitTradeRoom,https://twitter.com/i/web/status/1016338895125041152,,
Top Implied #Volatility Gainers $RCII $SWKS $TWTR $PVG $QCOM $HIG $DAL $TSCO $DVMT $ACAD $RF https://t.co/3rvsfTPuHO,Mon Jul 09 15:13:10 +0000 2018,MC_OptionTrades,https://marketchameleon.com/volReports/topImpliedVolMovers/,,
RT @TamaleNacho: $GNCA 'Methods for improving the immunogenicity and efficacy of cancer vaccines' https://t.co/yupUTMQN8C Genocea's ATLAS iâ€¦,Mon Jul 09 15:15:37 +0000 2018,130nobeta,https://www.ncbi.nlm.nih.gov/m/pubmed/29874943/?i=2&from=neoantigens%20cancer%20vaccine,,
$UHS high OI range is 115.00 to 120.00 for option expiration 07/20/2018 #maxpain #options https://t.co/QszfglcgqO https://t.co/XWYShDVKMH,Mon Jul 09 15:17:03 +0000 2018,optioncharts,http://maximum-pain.com/options/open-interest/UHS,,
Great day in $ISR $HSIC and $STAF. $STAF called out before the bell and $HSIC and $ISR right after the news. Comeâ€¦ https://t.co/JsJOYQYGaz,Mon Jul 09 15:17:20 +0000 2018,DcrCharts,https://twitter.com/i/web/status/1016340534904983552,,
$JNJ $O $CZNC $INTC $NSC $AFL $V $ADM $TROW $PEP $CSCO $MPW $BBL $SOUHY $PG $KMI $IBM $GWW $ROK $DE $PM $TGT $CAT https://t.co/ucQxaGouqu,Mon Jul 09 15:17:50 +0000 2018,pelias01,https://seekingalpha.com/article/4184940-impact-dividend-increases-june-2018?source=tweet,,
$VTR $WELL $HCP $LTC $D $ED $SO $KMB $PEP $KHC $CLX $PM $GE $GIS $JCI $CAH $SBUX $SBRA https://t.co/NgDpEG3yAU,Mon Jul 09 15:18:16 +0000 2018,pelias01,https://seekingalpha.com/article/4184997-july-2018-stock-considerations?source=tweet,,
Covered Call Alert: ARRAY BIOPHARMA $ARRY returning up to 20.64% throughÂ 21-Dec-2018 https://t.co/OwXUGSs3Gq https://t.co/LjPCB6y8hC,Mon Jul 09 15:26:52 +0000 2018,QuantchaIdeas,http://ideas.quantcha.com/2018/07/09/covered-call-alert-array-biopharma-arry-returning-up-to-20-64-through-21-dec-2018/,,
T Rowe Price Group INC $TROW Shareholder Rk Asset Management LLC Has Trimmed Stake - https://t.co/hHWepcbxdY,Mon Jul 09 15:27:48 +0000 2018,whatsonthorold2,https://www.whatsonthorold.com/2018/07/09/t-rowe-price-group-inc-trow-shareholder-rk-asset-management-llc-has-trimmed-stake/,,
T Rowe Price Group INC $TROW Shareholder Rk Asset Management LLC Decreased Position https://t.co/9Z4NenptIv,Mon Jul 09 15:29:18 +0000 2018,reurope_stock,https://reurope.com/2018/07/09/t-rowe-price-group-inc-trow-shareholder-rk-asset-management-llc-decreased-position/,,
Were Analysts Bullish Fortune Brands Home &amp; Security Inc. $FBHS This Week? - https://t.co/SCOgRJ5S44,Mon Jul 09 15:29:37 +0000 2018,whatsonthorold2,https://www.whatsonthorold.com/2018/07/09/were-analysts-bullish-fortune-brands-home-security-inc-nysefbhs-this-week/,,
Quite accurate analysts' target price $EL is showing #bullish signals. Currently the company is traded at $142.42â€¦ https://t.co/UAMMvQnOrg,Mon Jul 09 15:30:00 +0000 2018,StockMetrixApp,https://twitter.com/i/web/status/1016343721808400384,,
Top Gainers (&gt;$5) $HELE $PVG $ESALY $LFIN $JRSH $BRBS $INNT $TBVPY $WINS $MCF $APEN $QADB $EYEN $XYIGY $KZMYYâ€¦ https://t.co/ixJ7fxk6H5,Mon Jul 09 15:30:06 +0000 2018,MITickWatcher,https://twitter.com/i/web/status/1016343745959288832,,
Top Gainers (&gt;$30) $HELE $ESALY $TBVPY $WINS $QADB $MRAAF $MTSFY $GELYY $DLPH $BMA $MRAAY $WHD $PAM $RTNTF $COF.WSâ€¦ https://t.co/sOPDJ4v6y7,Mon Jul 09 15:30:09 +0000 2018,MITickWatcher,https://twitter.com/i/web/status/1016343760572157953,,
g-Term Returns? $HSY https://t.co/lHCk0n8600,Mon Jul 09 15:30:50 +0000 2018,SADIFAnalytics,https://www.sadifanalytics.com/reports/find/HSY-47233,,
Rk Asset Management LLC Stake in T Rowe Price Group INC $TROW Decreased by $3.14 Million - https://t.co/2doZ87EIYt,Mon Jul 09 15:30:57 +0000 2018,bibeypost_stock,https://www.bibeypost.com/rk-asset-management-llc-stake-in-t-rowe-price-group-inc-trow-decreased-by-3-14-million/,,
Were Analysts Bullish Fortune Brands Home &amp; Security Inc. $FBHS This Week? https://t.co/60EJzkkj3j,Mon Jul 09 15:31:26 +0000 2018,reurope_stock,https://reurope.com/2018/07/09/were-analysts-bullish-fortune-brands-home-security-inc-nysefbhs-this-week/,,
Is there a Bearish outlook for Fortune Brands Home &amp; Security Inc. $FBHS this week? - https://t.co/bDwQw8ncPb,Mon Jul 09 15:32:20 +0000 2018,bibeypost_stock,https://www.bibeypost.com/is-there-a-bearish-outlook-for-fortune-brands-home-security-inc-nysefbhs-this-week/,,
$FRT Max Pain is 120.00 for maturity 07/20/2018. #maxpain #options https://t.co/Ogvb5saoNd https://t.co/9Q31WagMQe,Mon Jul 09 15:32:45 +0000 2018,optioncharts,http://maximum-pain.com/options/max-pain/FRT,,
Just made $20K trading options today! #makingmoney Thanks to the option trades from https://t.co/L8F1LJCXaB $heleâ€¦ https://t.co/9lD89l0jDZ,Mon Jul 09 15:33:26 +0000 2018,WillSBritton1,http://Optionsbypros.com,,
Tough day in the markets had a nice start with $FB $TSLA  but  $TWTR threw me off I shouldâ€™ve exited at my entry pâ€¦ https://t.co/UmatOxEWLB,Mon Jul 09 15:38:03 +0000 2018,sdhillon275,https://twitter.com/i/web/status/1016345748374478848,,
Just made $20K trading options today! #makingmoney Thanks to the option trades from https://t.co/L8F1LJCXaB $CFGâ€¦ https://t.co/mwCVPpT3yV,Mon Jul 09 15:39:08 +0000 2018,WillSBritton1,http://Optionsbypros.com,,
Everest Re Group $RE Stock Rating Lowered by Zacks Investment Research https://t.co/XYU1NAv1Zv,Mon Jul 09 15:39:33 +0000 2018,TheMarketsDaily,http://zpr.io/6T7Dm,,
Henry Schein Inc. $HSIC Expected to Post Earnings of $1.01 Per Share https://t.co/UmSHu9ttaC,Mon Jul 09 15:47:43 +0000 2018,TickerReport,http://tickerreport.com/?p=3624669,,
Henry Schein Inc. $HSIC Expected to Announce Earnings of $1.01 Per Share https://t.co/nNU6aGvUpi,Mon Jul 09 15:47:48 +0000 2018,dailypoliticaln,http://www.dailypolitical.com/?p=2190985,,
Zacks: Analysts Expect Stericycle Inc $SRCL Will Announce Earnings of $1.13 Per Share https://t.co/akOTgwYLf4,Mon Jul 09 15:48:51 +0000 2018,TheMarketsDaily,http://zpr.io/6T7Sp,,
Short sale volume (not short interest) for $KIM at 2018-07-06 is 43%. https://t.co/ZuGVw7pPk0 $LXP 52% $WRE 74% $CLI 49% $BX 30%,Mon Jul 09 15:54:01 +0000 2018,shortvolumes,http://shortvolumes.com/?t=KIM,,
$VAR high OI range is 115.00 to 125.00 for option expiration 07/20/2018 #maxpain #options https://t.co/NAALGFcuzX https://t.co/mEDlhBVRlm,Mon Jul 09 15:58:51 +0000 2018,optioncharts,http://maximum-pain.com/options/open-interest/VAR,,
#Dividend Today-P3 $TD.PF.J $TD.PR.S $TD.PR.T $TD.PR.Y $TD.PR.Z $UDR $UMC $VZ $WGL Free stocks app https://t.co/S59zN0R1wP,Mon Jul 09 16:00:05 +0000 2018,MITickWatcher,https://appsto.re/i6hH3LG,,
Andra Ap-Fonden Holding in Harris Corp Del $HRS Has Cut by $4.69 Million - https://t.co/OpAaWqiTvL,Mon Jul 09 16:00:22 +0000 2018,whatsonthorold2,https://www.whatsonthorold.com/2018/07/09/andra-ap-fonden-holding-in-harris-corp-del-hrs-has-cut-by-4-69-million/,,
Is This The #Oil #Tech Breakthrough Of The Decade? $PQEFF $HP $FNV $PBA $ENB $SU #OilandGas #Energy https://t.co/vzIsK3RkU3,Mon Jul 09 16:00:28 +0000 2018,PetroteqEnergy,http://ow.ly/uYwE30kRIQn,,
Harris Corp Del $HRS Shareholder Andra Ap-Fonden Has Cut Position by $4.69 Million as Market Valuation Declined https://t.co/FA3JYiBlwm,Mon Jul 09 16:01:27 +0000 2018,reurope_stock,https://reurope.com/2018/07/09/harris-corp-del-hrs-shareholder-andra-ap-fonden-has-cut-position-by-4-69-million-as-market-valuation-declined/,,
gs PLC for Long-Term Investors? $RE. https://t.co/tXTiKMG79b,Mon Jul 09 16:04:34 +0000 2018,SADIFAnalytics,https://www.sadifanalytics.com/reports/find/RE.-36221,,
Will Harris Corp Deliver Long-Term Returns? $HRS https://t.co/LBO4vnXZdw,Mon Jul 09 16:05:04 +0000 2018,SADIFAnalytics,https://www.sadifanalytics.com/reports/find/HRS-47229,,
Arthur J. Gallagher acquires Reassurance Holdings Inc. https://t.co/HDR3npIz6D $AJG,Mon Jul 09 16:05:35 +0000 2018,MarketCurrents,https://seekingalpha.com/news/3368667-arthur-j-gallagher-acquires-reassurance-holdings-inc?source=feed_f,,
Analyzing SLM $SLM and Nelnet $NNI https://t.co/I4yG6hR6rT,Mon Jul 09 16:08:36 +0000 2018,TickerReport,http://tickerreport.com/?p=3624687,,
The 3 best FinTech investments for 2018! $SQ $V $FDC $PYPL $MA $EXP $DFS $CDLX $INFO $FISV $INTU  https://t.co/XgrfGLfUM1,Mon Jul 09 16:09:08 +0000 2018,a_ramblings,https://aseriesoframblings.com/2018/07/09/3-best-fintech-investments-2018/,,
Nelnet $NNI &amp; SLM $SLM Financial Comparison https://t.co/nvydNgoEHm,Mon Jul 09 16:09:28 +0000 2018,dailypoliticaln,http://www.dailypolitical.com/?p=2190999,,
Analyzing SLM $SLM and Nelnet $NNI https://t.co/yvT10EtvHm,Mon Jul 09 16:09:36 +0000 2018,MareaInformativ,http://www.mareainformativa.com/?p=411056,,
What Will Happen to Murphy Oil Corporation $MUR Next? The Stock Has Decline in Shorts - https://t.co/0dZCJ4XN5e,Mon Jul 09 16:12:07 +0000 2018,whatsonthorold2,https://www.whatsonthorold.com/2018/07/09/what-will-happen-to-murphy-oil-corporation-nysemur-next-the-stock-has-decline-in-shorts/,,
Whatâ€™s in Murphy Oil Corporation $MUR After Decline in Shorted Shares? https://t.co/NzYzX72Bg4,Mon Jul 09 16:13:47 +0000 2018,reurope_stock,https://reurope.com/2018/07/09/whats-in-murphy-oil-corporation-nysemur-after-decline-in-shorted-shares/,,
Is This The #Oil #Tech Breakthrough Of The Decade? | https://t.co/N5YxJJtPwJ https://t.co/LFhAd8amSE #oilpriceâ€¦ https://t.co/sxVAO2NPHY,Mon Jul 09 16:15:23 +0000 2018,petrobloq,http://OilPrice.com,,
Murphy Oil Corporation $MUR Has Decline in Shorts - https://t.co/TH7WL76Ted,Mon Jul 09 16:15:50 +0000 2018,bibeypost_stock,https://www.bibeypost.com/murphy-oil-corporation-nysemur-has-decline-in-shorts/,,
$ABG $ALGN $BA $DLTR $HTHT $KORS $NSP $SPY $URI https://t.co/g9aCRYdV6e,Mon Jul 09 16:22:50 +0000 2018,jjjinvesting,https://seekingalpha.com/article/4185987-portfolio-john-authers?source=tweet,,
Analysts See $4.04 EPS for O'Reilly Automotive Inc. $ORLY - https://t.co/A92q2t2QIm,Mon Jul 09 16:24:13 +0000 2018,whatsonthorold2,https://www.whatsonthorold.com/2018/07/09/analysts-see-4-04-eps-for-oreilly-automotive-inc-orly/,,
$XYL https://t.co/EjVRNfS7n1,Mon Jul 09 16:24:32 +0000 2018,SeekingAlpha,https://seekingalpha.com/article/4186123-sustainable-solutions-xylem-poised-future?source=feed_f,,
$4.04 EPS Expected for O'Reilly Automotive Inc. $ORLY https://t.co/JrhFTE99ww,Mon Jul 09 16:25:51 +0000 2018,reurope_stock,https://reurope.com/2018/07/09/4-04-eps-expected-for-oreilly-automotive-inc-orly/,,
EPS for O'Reilly Automotive Inc. $ORLY Expected At $4.04 - https://t.co/u49SboY3au,Mon Jul 09 16:27:42 +0000 2018,bibeypost_stock,https://www.bibeypost.com/eps-for-oreilly-automotive-inc-orly-expected-at-4-04/,,
Can analysts adopt a bullish outlook for Robert Half International Inc. $RHI? - https://t.co/Hccxb2cwXQ,Mon Jul 09 16:29:06 +0000 2018,whatsonthorold2,https://www.whatsonthorold.com/2018/07/09/can-analysts-adopt-a-bullish-outlook-for-robert-half-international-inc-nyserhi/,,
Monday's Top Analyst Upgrades and Downgrades: Baidu Capital One Delphi Technologies Dunkinâ€™ Brands FireEye Walâ€¦ https://t.co/nUa1lC6M5V,Mon Jul 09 16:30:19 +0000 2018,247WallSt,https://twitter.com/i/web/status/1016358901879623680,,
How Many Robert Half International Inc. $RHI's Analysts Are Bearish? https://t.co/ZyqRaedBSX,Mon Jul 09 16:30:45 +0000 2018,reurope_stock,https://reurope.com/2018/07/09/how-many-robert-half-international-inc-nyserhis-analysts-are-bearish/,,
Midday Most Tweeted Mid Caps check out Gambiste Top 10: $HELE $FEYE $ACAD $ARRY $MANT $GRPN $HCSG $HALO $GLPG https://t.co/lYp5LtitVR,Mon Jul 09 16:31:19 +0000 2018,GambisteFinance,http://gambiste.com/index.php/current-month-stock-data/,,
Analysts are on the Bearish side about Robert Half International Inc. $RHI this week. - https://t.co/vyoipxIHlM,Mon Jul 09 16:32:26 +0000 2018,bibeypost_stock,https://www.bibeypost.com/analysts-are-on-the-bearish-side-about-robert-half-international-inc-nyserhi-this-week/,,
@MarketCurrents $DLPH Delphi Technologies notable market movement up 6.4% = $244.2 million gain.â€¦ https://t.co/bAE4YGXDWV,Mon Jul 09 16:38:49 +0000 2018,42Stocks,https://twitter.com/i/web/status/1016361039829590016,,
@MarketCurrents $DLPH Delphi Technologies notable market movement up 6.4% = $244.2 million gain.â€¦ https://t.co/kAdH0JES9l,Mon Jul 09 16:38:50 +0000 2018,42Stocks,https://twitter.com/i/web/status/1016361041733832705,,
RT @MarketCurrents: Forward motion again for auto suppliers https://t.co/OCmMJ7ndD1 $DLPH $DAN $AXL $MTOR,Mon Jul 09 16:38:50 +0000 2018,42Stocks,https://seekingalpha.com/news/3368633-forward-motion-auto-suppliers?source=feed_f,,
RT @SeekingAlpha: $XYL https://t.co/EjVRNfS7n1,Mon Jul 09 16:40:28 +0000 2018,Watershed_Ltd,https://seekingalpha.com/article/4186123-sustainable-solutions-xylem-poised-future?source=feed_f,,
$ZTS high OI range is 79.50 to 89.50 for option expiration 07/13/2018 #maxpain #options https://t.co/gq1DRn4PIv https://t.co/57yl4t6tYh,Mon Jul 09 16:40:57 +0000 2018,optioncharts,http://maximum-pain.com/options/open-interest/ZTS,,
RT @petrobloq: Is This The #Oil #Tech Breakthrough Of The Decade? | https://t.co/N5YxJJtPwJ https://t.co/LFhAd8amSE #oilprice  $PQEFF $BITCâ€¦,Mon Jul 09 16:42:40 +0000 2018,africantabs,http://OilPrice.com,,
Upgrades Downgrades Initiations &amp; More: $BIDU $DNKN $COF $OLLI $CVS $FEYE $DLPH $RIG $TSCO $ANET $ADM $USX $GMEâ€¦ https://t.co/amrIXP0AAo,Mon Jul 09 16:45:19 +0000 2018,mchaudhry82,https://twitter.com/i/web/status/1016362677021618176,,
$EMN: The EPS has grown by an nice 12.57% over the past year. https://t.co/CIKizSAMGP https://t.co/p0iazvEBIq,Mon Jul 09 16:46:04 +0000 2018,ChartMill,https://www.chartmill.com/analyze.php?utm_source=twitter&utm_medium=FA&utm_content=GROWTH&utm_campaign=social_tracking#/EMN?r=fa&key=a1a0af90-c737-4691-82f0-4a1e5693da82,,
$EMN Max Pain=105.00. Maturity=07/20/2018. #maxpain #options https://t.co/hppA8c6jiE https://t.co/EMoQoodsH7,Mon Jul 09 16:46:07 +0000 2018,optioncharts,http://maximum-pain.com/options/max-pain/EMN,,
https://t.co/9VjKMnGXvX $ATUS $AUO $BLUE $BRFS $DLPH $EWBC $HELE $HES $LC $LN $MRO $NFLX $NTES $OZRK $PVG $PX $STIâ€¦ https://t.co/d6vGNvtyL0,Mon Jul 09 16:47:42 +0000 2018,42Stocks,http://42stocks.com,,
$XON $DDR $USX $DSS $VRX $FB $OLLI $NKE $PANW $GOOG https://t.co/rhWQZKkrmj,Mon Jul 09 16:49:42 +0000 2018,SeekingAlpha,https://seekingalpha.com/article/4186131-insider-weekends-ceo-intrexon-participates-secondary-offering?source=feed_f,,
$DLTR https://t.co/DqhCxe4AbT,Mon Jul 09 16:50:07 +0000 2018,SeekingAlpha,https://seekingalpha.com/article/4186132-dollar-tree-discounter-discount?source=feed_f,,
$WLTW high OI range is 160.00 to 155.00 for option expiration 07/20/2018 #maxpain #options https://t.co/ot2wONVYrs https://t.co/BnVElKBKkJ,Mon Jul 09 16:51:35 +0000 2018,optioncharts,http://maximum-pain.com/options/open-interest/WLTW,,
$RSYS $JNP $XPLR $ZBRA $STDY $PERY $ILG $VAC $MPC $ANDV $QCOM $NXPI $ZTS $ABAX $TIG $KMPR $KND https://t.co/B0z6X2mPpp,Mon Jul 09 16:53:58 +0000 2018,SeekingAlpha,https://seekingalpha.com/article/4186134-merger-arbitrage-mondays-july-9-2018?source=feed_f,,
#estate asset watch - % gainers today - $STAF $HELE $MCF $PVG $APEN $DEPO $KEM $ESIO $VCEL $PAM $MOTS $HSTM $EDNâ€¦ https://t.co/btwzOHL18S,Mon Jul 09 17:00:00 +0000 2018,TheBurdetteLawF,https://twitter.com/i/web/status/1016366370970263553,,
Stock Analystsâ€™ Upgrades for July 9th $ALLE CUZ GGP H IFNNY LMNX LPX PRU TEVA TGNA https://t.co/iglp9FHAW1,Mon Jul 09 17:10:01 +0000 2018,TheMarketsDaily,http://zpr.io/6TzyB,,
#FINISAR: Analizamos y compramos $FNSR por su aspecto tÃ©cnico que parece estar cambiando a alcista.â€¦ https://t.co/RIW2bXASPK,Mon Jul 09 17:11:24 +0000 2018,Introsfera,https://twitter.com/i/web/status/1016369240910200833,,
$AJG high OI range is 65.00 to 70.00 for option expiration 07/20/2018 #maxpain #options https://t.co/3rhk0nMOpp https://t.co/t9ZAFiYZjE,Mon Jul 09 17:11:49 +0000 2018,optioncharts,http://maximum-pain.com/options/open-interest/AJG,,
Analysts take a look at O'Reilly Automotive Inc. $ORLY having this to say. https://t.co/kJOGZD1VMU,Mon Jul 09 17:16:30 +0000 2018,reurope_stock,https://reurope.com/2018/07/09/analysts-take-a-look-at-oreilly-automotive-inc-nasdaqorly-having-this-to-say/,,
Livforsakringsbolaget Skandia Omsesidigt Stake in Western Union Co $WU Trimmed as Stock Price Declined https://t.co/rGvvMiZVM0,Mon Jul 09 17:16:48 +0000 2018,reurope_stock,https://reurope.com/2018/07/09/livforsakringsbolaget-skandia-omsesidigt-stake-in-western-union-co-wu-trimmed-as-stock-price-declined/,,
Is there a Bearish outlook for O'Reilly Automotive Inc. $ORLY this week? - https://t.co/6X3TGWBGqU,Mon Jul 09 17:17:19 +0000 2018,bibeypost_stock,https://www.bibeypost.com/is-there-a-bearish-outlook-for-oreilly-automotive-inc-nasdaqorly-this-week/,,
As Western Union Co $WU Market Valuation Declined Holder Livforsakringsbolaget Skandia Omsesidigt Has Lowered Itsâ€¦ https://t.co/8DU8GL8Jzs,Mon Jul 09 17:17:22 +0000 2018,bibeypost_stock,https://twitter.com/i/web/status/1016370739069546497,,
$FLR Max Pain=49.00. Maturity=07/13/2018. #maxpain #options https://t.co/Gr1Zv5rG8h https://t.co/B57cGOk850,Mon Jul 09 17:17:28 +0000 2018,optioncharts,http://maximum-pain.com/options/max-pain/FLR,,
https://t.co/9VjKMnGXvX $ATUS $AUO $BLUE $BRFS $DLPH $EWBC $HELE $HES $LC $LN $MRO $NFLX $NTES $OZRK $PAM $PFG $PVGâ€¦ https://t.co/66NUDA7vsn,Mon Jul 09 17:17:57 +0000 2018,42Stocks,http://42stocks.com,,
Mid-day close .10 &gt; high 1 day ago with trading range &gt;95% (Daily 8 EMA &gt; 21 Close &gt; 8 EMA Vol &gt; 750K): 100 -â€¦ https://t.co/sY7CsbL7qp,Mon Jul 09 17:19:55 +0000 2018,15minofPham,https://twitter.com/i/web/status/1016371381372506112,,
$GWW $UMPQ $TMK before earnings https://t.co/VjD0bx44dr,Mon Jul 09 17:35:09 +0000 2018,channelingstock,http://ow.ly/ko5M30kRuTg,,
$GWW $UMPQ $TMK before earnings https://t.co/2HQ82pFu04,Mon Jul 09 17:35:10 +0000 2018,myrollingstocks,http://ow.ly/qFnS30kRrD2,,
RT @myrollingstocks: $GWW $UMPQ $TMK before earnings https://t.co/2HQ82pFu04,Mon Jul 09 17:35:38 +0000 2018,luzgarciacalde1,http://ow.ly/qFnS30kRrD2,,
Mid-day highest trading range % compared to open (Min $5 &amp; Vol &gt; 750K): 100 - $NBR  99 - $SLB  97 - $CRC  96 -â€¦ https://t.co/OgD3cXmeEB,Mon Jul 09 17:36:16 +0000 2018,15minofPham,https://twitter.com/i/web/status/1016375496441880576,,
A Portfolio For John Authers $NSP $BA $DLTR $ALGN https://t.co/PqcdXCfG4N https://t.co/kZURVcRf88,Mon Jul 09 17:37:20 +0000 2018,PortfolioArmor,https://seekingalpha.com/article/4185987-portfolio-john-authers,,
New UOA detected for $HIG: 3000 $52.0 PUT options expiring 2018-07-20 traded for $0.36 bought on the ask https://t.co/oCN5GTYKLr,Mon Jul 09 17:42:29 +0000 2018,liveoptiondata,https://www.optionsonar.com/unusual-option-activity/HIG/latest-trades,,
https://t.co/lq6ktaquNP $MTD Mettler-Toledo International up 1.9% = $281.6 million gain. $MTD has made notable gainâ€¦ https://t.co/jjLL8l8luC,Mon Jul 09 17:42:35 +0000 2018,42Stocks,http://42stocks.com/sym/mtd.html,,
TREND REVERSAL DOWN ALERT: $AEE AMEREN ðŸ“‰ TradeIdeas via https://t.co/VS8RO1bzXJ to Free Trading Room,Mon Jul 09 17:44:04 +0000 2018,AlertTrade,http://AlertTrade.us,,
$AAPL $ADBE $AEIS $AMAT $ANET $ANSS $ATHM $AVGO $BIDU $CDNS $CGNX $COHR $EA $ESIO $FB $FFIV $FISV $FNJN $IDCC $MA https://t.co/YLuklLVARA,Mon Jul 09 17:45:19 +0000 2018,pelias01,https://seekingalpha.com/article/4185349-numbers-high-quality-stocks-technology?source=tweet,,
Turquoise Hill Resources $TRQ Reaches New 52-Week High at $3.83 https://t.co/QXaCFRmUIW,Mon Jul 09 17:47:54 +0000 2018,ledgerzette,http://ledgergazette.com/?p=2815516,,
https://t.co/9VjKMnGXvX $ATUS $AUO $BLUE $BRFS $DISCA $DLPH $EWBC $GGB $HELE $HES $LC $LN $MRO $MTD $MU $NFLX $NTESâ€¦ https://t.co/P87yfLkmID,Mon Jul 09 17:47:54 +0000 2018,42Stocks,http://42stocks.com,,
$RDGL .0029? LOWFLOAT. 81 MILLION O\S!ðŸ’¸ðŸ¾  $SHMN $LVGI $HAON $VMGI $SIGO $CBRI $BLTA $JNSH $UOIP $WOFA $VAPE $GMERâ€¦ https://t.co/EoK63yD9MS,Mon Jul 09 17:51:42 +0000 2018,aaaamhim,https://twitter.com/i/web/status/1016379379683913730,,
$ABPTY $ABPZF $ICL $MOS $SQM $NTR https://t.co/Nai3Hy9kEl,Mon Jul 09 17:53:28 +0000 2018,SeekingAlpha,https://seekingalpha.com/article/4186148-stars-finally-aligned-nutrien?source=feed_f,,
sweet list...$AAN $AAPL $ABBV $ADM $AFL $ALLE $AM $AMGP $AMP $AMT $ANDX $AON $AOS $APD $APOG $AQN $AVGO $AY $BACâ€¦ https://t.co/6ZYkyFDGmj,Mon Jul 09 17:54:25 +0000 2018,str8toace,https://twitter.com/i/web/status/1016380063581966338,,
#US Stocks: Social $TWTR-5.4%.BFS $BAC+3.2% $COF+3.7% $MET+3.3%. e-Coupons $GRPN+6.8%.Electronic components $KEM+6.â€¦ https://t.co/SxjyH9md05,Mon Jul 09 17:54:45 +0000 2018,ZoomStocks,https://twitter.com/i/web/status/1016380148298502144,,
$AIV Max Pain is 40.00 for maturity 07/20/2018. #maxpain #options https://t.co/Gufuc8wwUK https://t.co/0ATEhZV8e3,Mon Jul 09 17:58:20 +0000 2018,optioncharts,http://maximum-pain.com/options/max-pain/AIV,,
$ABPTY $ABPZF $ICL $MOS $SQM $NTR https://t.co/WJtycX95B7,Mon Jul 09 18:00:05 +0000 2018,SAlphaTrending,https://seekingalpha.com/article/4186148-stars-finally-aligned-nutrien?source=feed_t,,
Top Gainers (&gt;$30) $ESALF $WINS $HELE $ESALY $HUYA $CBUMY $TAIPY $MRAAF $PAM $HSTM $COF.WS $EDN $FDBC $OPYGY $FINUâ€¦ https://t.co/ECs613EEFE,Mon Jul 09 18:00:07 +0000 2018,MITickWatcher,https://twitter.com/i/web/status/1016381498797314049,,
$AJG: Arthur J. Gallagher acquires Reassurance Holdings; terms not disclosed https://t.co/xMgARzI04g,Mon Jul 09 18:02:56 +0000 2018,Briefingcom,http://bit.ly/2L1lWdw,,
#EMINENTTokenICO: FUEL for BeepBeep Nation: A Decentralized Helping Economy On A Mobile Application. You can get aâ€¦ https://t.co/E6aT8Kv9t5,Mon Jul 09 18:04:57 +0000 2018,Alifal1079,https://twitter.com/i/web/status/1016382716546187267,,
DAT Freight Index: Record Demand Boosts Spot Truckload Rates to New Heights in June $ROP https://t.co/nKM6qpU2f2,Mon Jul 09 18:15:32 +0000 2018,GNWLive,http://bit.ly/2m8aCym,,
https://t.co/9VjKMnGXvX $AMD $ATUS $AUO $BLUE $BRFS $DISCA $DLPH $EWBC $GGB $HELE $HES $LC $LN $LPL $MRO $MTD $MUâ€¦ https://t.co/2L6Z9Ht5yz,Mon Jul 09 18:17:59 +0000 2018,42Stocks,http://42stocks.com,,
$ROP DAT Freight Index: Record Demand Boosts Spot Truckload Rates to New Heights in June NYSE:ROP https://t.co/bk56Li9IOf,Mon Jul 09 18:20:37 +0000 2018,StockTexts,http://www.globenewswire.com/news-release/2018/07/09/1534876/0/en/DAT-Freight-Index-Record-Demand-Boosts-Spot-Truckload-Rates-to-New-Heights-in-June.html,,
$ROP DAT Freight Index: Record Demand Boosts Spot Truckload Rates to New Heights in June https://t.co/4gB65OHSR4,Mon Jul 09 18:20:41 +0000 2018,stockelite,http://bit.ly/2umH6J4,,
Neville Rodie &amp; Shaw INC Has Cut Schein Henry INC $HSIC Position as Market Valuation Rose - https://t.co/e5LlVLx56h,Mon Jul 09 18:28:50 +0000 2018,whatsonthorold2,https://www.whatsonthorold.com/2018/07/09/neville-rodie-shaw-inc-has-cut-schein-henry-inc-hsic-position-as-market-valuation-rose/,,
Roper Technologies Inc. $ROP Stock Faces Higher Risks Forward After Forming Ascending Triangle - https://t.co/oyc6IiG4Ln,Mon Jul 09 18:28:54 +0000 2018,whatsonthorold2,https://www.whatsonthorold.com/2018/07/09/roper-technologies-inc-rop-stock-faces-higher-risks-forward-after-forming-ascending-triangle/,,
As Schein Henry INC $HSIC Stock Value Rose Shareholder Neville Rodie &amp; Shaw INC Cut Position https://t.co/9dWoQu6Pyl,Mon Jul 09 18:29:46 +0000 2018,reurope_stock,https://reurope.com/2018/07/09/as-schein-henry-inc-hsic-stock-value-rose-shareholder-neville-rodie-shaw-inc-cut-position/,,
What's in Roper Technologies Inc. $ROP After Forming Ascending Triangle? https://t.co/d0rAcv4O1D,Mon Jul 09 18:29:51 +0000 2018,reurope_stock,https://reurope.com/2018/07/09/whats-in-roper-technologies-inc-rop-after-forming-ascending-triangle/,,
As Schein Henry INC $HSIC Shares Rose Holder Neville Rodie &amp; Shaw INC Cut Holding by $3.72 Million - https://t.co/sgHY28SDEP,Mon Jul 09 18:30:13 +0000 2018,bibeypost_stock,https://www.bibeypost.com/as-schein-henry-inc-hsic-shares-rose-holder-neville-rodie-shaw-inc-cut-holding-by-3-72-million/,,
Could Roper Technologies Inc. $ROP See a Reversal After Having Formed Several Months Bearish Ascending Triangle - https://t.co/aKpnbsMfxX,Mon Jul 09 18:30:17 +0000 2018,bibeypost_stock,https://www.bibeypost.com/could-roper-technologies-inc-rop-see-a-reversal-after-having-formed-several-months-bearish-ascending-triangle/,,
Consolidated Edison Inc. $ED Receives Average Rating of â€œHoldâ€ from Brokerages https://t.co/5OJkWvctFL,Mon Jul 09 18:35:38 +0000 2018,MareaInformativ,http://www.mareainformativa.com/?p=411644,,
"Market V: Have you checked out our new feature ""Stock of the Day""? Today colleague @IBD_elow details strengths ofâ€¦ https://t.co/rV7F0NOOo4",Mon Jul 09 18:39:10 +0000 2018,IBD_DChung,https://twitter.com/i/web/status/1016391327196614657,,
$AR $CGC $DAVE $GNC $HSY $ICON $KMB $M $PEP $PG $RRC $SMRT $WTW https://t.co/bYrdCZL3j0,Mon Jul 09 18:39:11 +0000 2018,MagnoliaG2012,https://seekingalpha.com/article/4185993-sharing-2018-first-half-performance?source=tweet,,
Consolidated Edison Inc. $ED Receives Average Rating of â€œHoldâ€ from Brokerages https://t.co/dAm4GgxjEr,Mon Jul 09 18:39:22 +0000 2018,ConsumerFeed,http://zpr.io/6Tp2W,,
Sustainable Solutions: Xylem Poised For The Future $XYL brasklapp: lÃ¥ng https://t.co/Zibqaw5voo https://t.co/5nBXkw1Xmv,Mon Jul 09 18:39:27 +0000 2018,StefanThelenius,http://z2036.blogspot.com/2018/02/xylem-bra-flyt-framat.html,,
"â€œFederal Realty Investment Trust (FRT) has been in ""rally mode"" from its February low. A number of bullish signalsâ€¦ https://t.co/Dq8HsUCYPx",Mon Jul 09 18:42:18 +0000 2018,realmoney,https://twitter.com/i/web/status/1016392113465053186,,
Remember CDIX? Itâ€™s time to look again. NEWS IMMINENT $PTEN $NWL $TJX $EPD $TBT $NE $TAL $SPXS $MXIM $WELL $MMMâ€¦ https://t.co/fJBd2Oi5Wl,Mon Jul 09 18:43:23 +0000 2018,OneOClockDrop,https://twitter.com/i/web/status/1016392385763336192,,
Remember CDIX? Itâ€™s time to look again. NEWS IMMINENT $qqq $aapl $tvix $veon $csco $siri $rook $mu $msft $fb $sqqqâ€¦ https://t.co/jltHn9o3zX,Mon Jul 09 18:47:02 +0000 2018,OneOClockDrop,https://twitter.com/i/web/status/1016393306694025216,,
https://t.co/9VjKMnGXvX $AMD $ATUS $AUO $BAK $BLUE $BRFS $CEO $CMG $DISCA $DLPH $DO $EWBC $GGB $HELE $HES $LC $LNâ€¦ https://t.co/etCKxbVHmE,Mon Jul 09 18:48:08 +0000 2018,42Stocks,http://42stocks.com,,
#estate asset watch - unusual options activity (vol. &gt; open interest) $FOXA $LVS $TGT $AMGN $TV $MGM $FB $MS $SKXâ€¦ https://t.co/PlVPXHiKhA,Mon Jul 09 18:55:00 +0000 2018,TheBurdetteLawF,https://twitter.com/i/web/status/1016395310220730368,,
A bullish Big MAC (Bullish) has occurred at 2:30 PM Jul 09 at  $41.20 on Hologic Inc (HOLX) $HOLX Want to Earn(Regiâ€¦ https://t.co/emz2YMfDc7,Mon Jul 09 19:00:08 +0000 2018,websofttechies,https://twitter.com/i/web/status/1016396601152233473,,
https://t.co/WYcJxQfspZ $PAH Platform Specialty Products notable market movement up 4.8% = $162.4 million gain. Atâ€¦ https://t.co/Wun7IDNp4g,Mon Jul 09 19:06:30 +0000 2018,42Stocks,http://42stocks.com/sym/pah.html,,
Ecolab INC $ECL Holder Caledonia Investments Plc Upped Its Position - https://t.co/WKohN7CR6U,Mon Jul 09 19:13:54 +0000 2018,whatsonthorold2,https://www.whatsonthorold.com/2018/07/09/ecolab-inc-ecl-holder-caledonia-investments-plc-upped-its-position/,,
As Ecolab INC $ECL Share Value Rose Shareholder Caledonia Investments Plc Raised Its Position https://t.co/4giCMAtD8Z,Mon Jul 09 19:15:39 +0000 2018,reurope_stock,https://reurope.com/2018/07/09/as-ecolab-inc-ecl-share-value-rose-shareholder-caledonia-investments-plc-raised-its-position/,,
Caledonia Investments Plc Increases Position in Ecolab INC $ECL - https://t.co/X8gXtpCTyE,Mon Jul 09 19:16:09 +0000 2018,bibeypost_stock,https://www.bibeypost.com/caledonia-investments-plc-increases-position-in-ecolab-inc-ecl/,,
https://t.co/9VjKMnGXvX $AMD $ATUS $AUO $BAK $BLUE $BRFS $CEO $CMG $DISCA $DLPH $DO $EWBC $GGB $HELE $HES $INGN $LCâ€¦ https://t.co/BtPzMu3ptc,Mon Jul 09 19:18:16 +0000 2018,42Stocks,http://42stocks.com,,
Stericycle INC $SRCL Market Valuation Rose While Welch &amp; Forbes LLC Trimmed Holding by $4.14 Million - https://t.co/wtBNZhbcWD,Mon Jul 09 19:22:18 +0000 2018,whatsonthorold2,https://www.whatsonthorold.com/2018/07/09/stericycle-inc-srcl-market-valuation-rose-while-welch-forbes-llc-trimmed-holding-by-4-14-million/,,
As Stericycle INC $SRCL Share Value Rose Welch &amp; Forbes LLC Decreased Its Holding https://t.co/9ZUbtGdWh9,Mon Jul 09 19:23:04 +0000 2018,reurope_stock,https://reurope.com/2018/07/09/as-stericycle-inc-srcl-share-value-rose-welch-forbes-llc-decreased-its-holding/,,
As Stericycle INC $SRCL Market Value Rose Welch &amp; Forbes LLC Has Decreased Stake - https://t.co/KgbZ9NRI6L,Mon Jul 09 19:23:19 +0000 2018,bibeypost_stock,https://www.bibeypost.com/as-stericycle-inc-srcl-market-value-rose-welch-forbes-llc-has-decreased-stake/,,
@TurquoiseHillRe @jeffsmithmedia @OTMongolia @Erdenes_OT Humble twitterer I know you get tired of the minority druâ€¦ https://t.co/Y6tnfL71qP,Mon Jul 09 19:27:45 +0000 2018,GWilem1,https://twitter.com/i/web/status/1016403552628039681,,
"Alert* Misinformation on behalf of @MinerGate blog post ""Most Important Forks of Summer 2018"" #EtherEmerald $ETEâ€¦ https://t.co/l2FhKrTGVo",Mon Jul 09 19:32:01 +0000 2018,ClassicIsComing,https://twitter.com/i/web/status/1016404624922693633,,
Ready for tonightâ€™s #earnings reports? 33% OFF streaming #market coverage #analysis &amp; #ideas https://t.co/fyi6nOd4ek #stocks $CSX $EBAY $SLM,Mon Jul 09 19:33:00 +0000 2018,Briefingcom,http://bit.ly/29DGlkl,,
ONEOK Inc. $OKE Just Reaches All-Time High? - https://t.co/SaFCleLHtD,Mon Jul 09 19:33:14 +0000 2018,whatsonthorold2,https://www.whatsonthorold.com/2018/07/09/oneok-inc-oke-just-reaches-all-time-high/,,
ONEOK Inc. $OKE Stock Is An Record High Flier https://t.co/h0vzGF0IJS,Mon Jul 09 19:34:09 +0000 2018,reurope_stock,https://reurope.com/2018/07/09/oneok-inc-oke-stock-is-an-record-high-flier/,,
Time to Reconsider ONEOK Inc. $OKE After Making All Time High? - https://t.co/hPDmgp2I2W,Mon Jul 09 19:34:35 +0000 2018,bibeypost_stock,https://www.bibeypost.com/time-to-reconsider-oneok-inc-oke-after-making-all-time-high/,,
American Electric Power Company Inc $AEP Receives $74.08 Consensus Target Price from Brokerages https://t.co/yz5DZw9rEs,Mon Jul 09 19:39:00 +0000 2018,TranscriptDaily,http://zpr.io/6TjQy,,
Swing account: Closed: $WYNN: +6.87% $HSIC: +3.34% $COPPER: +0.17% $DIS: B/E Short $QSR: -3.23% Short $KNX: -5.66%â€¦ https://t.co/Tw6rMLWTVG,Mon Jul 09 19:40:19 +0000 2018,tradertob,https://twitter.com/i/web/status/1016406717347835904,,
â€œI donâ€™t throw darts at a board. I bet on sure things. Read Sun-tzu The Art of War. Every battle is won before itâ€¦ https://t.co/39ywXMXLbO,Mon Jul 09 19:41:37 +0000 2018,stickycactusink,https://twitter.com/i/web/status/1016407044486811652,,
Pricing power $TXMD $AGN $VRX $HOLX $JNJ $ABBV $TEVA $PFE https://t.co/PC3QGel5Wg,Mon Jul 09 19:48:21 +0000 2018,DarkSideOfTheSt,https://twitter.com/NYTHealth/status/1004015430330126337,,
https://t.co/9VjKMnGXvX $AMD $ATUS $AUO $BAK $BLUE $BRFS $CAT $CEO $CMG $DISCA $DLPH $DO $EWBC $GGB $HELE $HESâ€¦ https://t.co/YlnspxYgCz,Mon Jul 09 19:48:41 +0000 2018,42Stocks,http://42stocks.com,,
RT @TamaleNacho: $GNCA 'Methods for improving the immunogenicity and efficacy of cancer vaccines' https://t.co/yupUTMQN8C Genocea's ATLAS iâ€¦,Mon Jul 09 19:51:22 +0000 2018,TamaleNacho,https://www.ncbi.nlm.nih.gov/m/pubmed/29874943/?i=2&from=neoantigens%20cancer%20vaccine,,
"RT @TamaleNacho: ""Therapeutic Cancer Vaccine: building the future from lessons of the past"" https://t.co/pb0vrNoyhw ID of stimulatory neoanâ€¦",Mon Jul 09 19:51:32 +0000 2018,TamaleNacho,https://www.ncbi.nlm.nih.gov/m/pubmed/29978248/,,
Zacks: Brokerages Anticipate Zimmer Biomet Holdings Inc $ZBH Will Post Quarterly Sales of $2.00 Billion https://t.co/iADXGkH1xM,Mon Jul 09 19:52:40 +0000 2018,TheMarketsDaily,http://zpr.io/6TsDH,,
Brokerages Expect Zimmer Biomet Holdings Inc $ZBH Will Announce Earnings of $1.88 Per Share https://t.co/L8MCZBdEiU,Mon Jul 09 19:54:05 +0000 2018,ledgerzette,http://ledgergazette.com/?p=2815670,,
Zimmer Biomet Holdings Inc $ZBH Expected to Post Earnings of $1.88 Per Share https://t.co/UQmbcOYwku,Mon Jul 09 19:54:16 +0000 2018,dakotafinancial,http://dakotafinancialnews.com/?p=307214,,
Zimmer Biomet Holdings Inc $ZBH Expected to Post Earnings of $1.88 Per Share https://t.co/XQGORDtVie,Mon Jul 09 19:54:58 +0000 2018,MareaInformativ,http://www.mareainformativa.com/?p=412026,,
$AON open interest for maturity 07/20/2018. High put=115.00 High call=145.00 #maxpain #optionsâ€¦ https://t.co/LKec83kRIX,Mon Jul 09 19:59:14 +0000 2018,optioncharts,https://twitter.com/i/web/status/1016411475462811648,,
#estate asset watch -today's outsized price moves- $STAF $HELE $DEPO $HSTM $PVG $COF $LEDS $MET $DSGX $PRU $MTBâ€¦ https://t.co/wuLE4EDM0I,Mon Jul 09 20:05:26 +0000 2018,TheBurdetteLawF,https://twitter.com/i/web/status/1016413035278237696,,
$1.50 EPS Expected for Torchmark Corporation $TMK - https://t.co/pI1b3bYM8d,Mon Jul 09 20:06:37 +0000 2018,whatsonthorold2,https://www.whatsonthorold.com/2018/07/09/1-50-eps-expected-for-torchmark-corporation-tmk/,,
$ROP https://t.co/lbCbX8ZmHX,Mon Jul 09 20:06:40 +0000 2018,MarketsUpChuck,https://seekingalpha.com/article/4185347-roper-technologies-best-performing-dividend-aristocrat-past-2-decades-good-investment-today?source=tweet,,
Torchmark Corporation $TMK Analysts See $1.50 EPS https://t.co/Vp6nrfdrXx,Mon Jul 09 20:07:42 +0000 2018,reurope_stock,https://reurope.com/2018/07/09/torchmark-corporation-tmk-analysts-see-1-50-eps/,,
EPS for Torchmark Corporation $TMK Expected At $1.50 - https://t.co/UXRjpQpGTj,Mon Jul 09 20:08:05 +0000 2018,bibeypost_stock,https://www.bibeypost.com/eps-for-torchmark-corporation-tmk-expected-at-1-50/,,
Thermo Fisher Scientific Inc. $TMO Analysts See $2.68 EPS - https://t.co/sdJ2tkdtcT,Mon Jul 09 20:12:12 +0000 2018,whatsonthorold2,https://www.whatsonthorold.com/2018/07/09/thermo-fisher-scientific-inc-tmo-analysts-see-2-68-eps/,,
$AKAM Max Pain is 75.50 for maturity 07/13/2018. #maxpain #options https://t.co/21SnfF8jOz https://t.co/hyeUsPe5j9,Mon Jul 09 20:14:46 +0000 2018,optioncharts,http://maximum-pain.com/options/max-pain/AKAM,,
Analysts See $2.68 EPS for Thermo Fisher Scientific Inc. $TMO https://t.co/3nmQFCEiPH,Mon Jul 09 20:15:44 +0000 2018,reurope_stock,https://reurope.com/2018/07/09/analysts-see-2-68-eps-for-thermo-fisher-scientific-inc-tmo/,,
$2.68 EPS Expected for Thermo Fisher Scientific Inc. $TMO - https://t.co/Tmwhscbqlq,Mon Jul 09 20:16:01 +0000 2018,bibeypost_stock,https://www.bibeypost.com/2-68-eps-expected-for-thermo-fisher-scientific-inc-tmo/,,
Short sale vol (not short interest) for $MDLZ on 2018-07-06 is 61%. https://t.co/Vcdl7hZxWK $HSY 52% $GIS 37% $K 53% $PEP 38%,Mon Jul 09 20:18:02 +0000 2018,shortvolumes,http://shortvolumes.com/?t=MDLZ,,
@TurquoiseHillRe @jeffsmithmedia @OTMongolia @Erdenes_OT But you have to appreciate where the average long-term invâ€¦ https://t.co/PULYmhAOf7,Mon Jul 09 20:20:22 +0000 2018,GWilem1,https://twitter.com/i/web/status/1016416792250667008,,
no trades today...currently 171.6% net longâ€¦ended the day up 0.41% thanks to $ACGL (+2.2%) $ROP (+1.6%) $RLI (+1.â€¦ https://t.co/ybSGq2Ohjn,Mon Jul 09 20:23:06 +0000 2018,VaughnOkumura,https://twitter.com/i/web/status/1016417481785688064,,
Why You Shouldn't Discount These 4 Top Stocks In Or Near Buy Zones  $BURL $TJX $DG $ROST  https://t.co/RXbUmzORJg,Mon Jul 09 20:24:18 +0000 2018,TopStockAlerts1,https://www.investors.com/research/retail-sector-ross-stock-tjx-stock-dollar-general-stock-burlington-stock/,,
Farmers Trust Co Decreased Its Position in Lauder Estee Cos INC $EL by $4.24 Million as Shares Rose - https://t.co/EzNZva4vUo,Mon Jul 09 20:25:05 +0000 2018,whatsonthorold2,https://www.whatsonthorold.com/2018/07/09/farmers-trust-co-decreased-its-position-in-lauder-estee-cos-inc-el-by-4-24-million-as-shares-rose/,,
Lauder Estee Cos INC $EL Valuation Rose While Farmers Trust Co Cut Position by $4.24 Million https://t.co/pSlKeXy2oT,Mon Jul 09 20:25:48 +0000 2018,reurope_stock,https://reurope.com/2018/07/09/lauder-estee-cos-inc-el-valuation-rose-while-farmers-trust-co-cut-position-by-4-24-million/,,
Farmers Trust Co Has Cut Its Lauder Estee Cos INC $EL Stake by $4.24 Million - https://t.co/puPQrJ3WIf,Mon Jul 09 20:26:04 +0000 2018,bibeypost_stock,https://www.bibeypost.com/farmers-trust-co-has-cut-its-lauder-estee-cos-inc-el-stake-by-4-24-million/,,
$ETR Entergy Corporation SEC Filing: Form 3 https://t.co/u7Ny3eTVcJ,Mon Jul 09 20:26:49 +0000 2018,StockTexts,http://www.sec.gov/Archives/edgar/data/65984/000006598418000182/xslF345X02/edgar.xml,,
https://t.co/dlD0hsPHN1 $XYL Xylem notable market movement up 1.8% = $216.4 million gain. At $12 billion marketCapâ€¦ https://t.co/2ZwhNG6cL8,Mon Jul 09 20:30:42 +0000 2018,42Stocks,http://42stocks.com/sym/xyl.html,,
Afternoon Most Tweeted Mid Caps check out Gambiste Top 10: $HELE $FEYE $GRPN $ACAD $CRTO $FIBK $HALO $ARRY $MANT https://t.co/lYp5LtitVR,Mon Jul 09 20:30:58 +0000 2018,GambisteFinance,http://gambiste.com/index.php/current-month-stock-data/,,
Delphi Technologies PLC $DLPH Receives Consensus Rating of â€œBuyâ€ from Analysts https://t.co/QjPx9uUyPV,Mon Jul 09 20:35:04 +0000 2018,ledgerzette,http://ledgergazette.com/?p=2815699,,
Delphi Technologies PLC $DLPH Receives Consensus Rating of â€œBuyâ€ from Analysts https://t.co/DfvzpZHW72,Mon Jul 09 20:35:17 +0000 2018,MareaInformativ,http://www.mareainformativa.com/?p=412160,,
